symbol,seed,expectancy,pf,n_signals,signed,real_expectancy,real_pf
USDJPY,0,-3.46444933920705,0.92,611,True,-4.376604651162789,0.92
USDJPY,1,8.039623059866962,1.13,611,True,-4.376604651162789,0.92
USDJPY,2,9.076380090497738,1.16,611,True,-4.376604651162789,0.92
USDJPY,3,6.134353741496598,1.12,611,True,-4.376604651162789,0.92
USDJPY,4,-6.185353982300885,0.88,611,True,-4.376604651162789,0.92
USDJPY,5,5.722939814814816,1.1,611,True,-4.376604651162789,0.92
USDJPY,6,3.6066740576496685,1.07,611,True,-4.376604651162789,0.92
USDJPY,7,15.03487912087912,1.22,611,True,-4.376604651162789,0.92
USDJPY,8,-4.731711711711712,0.9,611,True,-4.376604651162789,0.92
USDJPY,9,-4.317522727272729,0.91,611,True,-4.376604651162789,0.92
USDJPY,10,0.08789954337899492,1.0,611,True,-4.376604651162789,0.92
USDJPY,11,-3.3599354838709683,0.93,611,True,-4.376604651162789,0.92
USDJPY,12,6.004977064220186,1.13,611,True,-4.376604651162789,0.92
USDJPY,13,11.417671840354766,1.19,611,True,-4.376604651162789,0.92
USDJPY,14,-5.621677852348993,0.86,611,True,-4.376604651162789,0.92
USDJPY,15,4.6130172413793105,1.08,611,True,-4.376604651162789,0.92
USDJPY,16,1.4564301552106422,1.03,611,True,-4.376604651162789,0.92
USDJPY,17,-0.14742358078602616,1.0,611,True,-4.376604651162789,0.92
USDJPY,18,0.8573094170403582,1.02,611,True,-4.376604651162789,0.92
USDJPY,19,-2.536919540229886,0.95,611,True,-4.376604651162789,0.92
USDJPY,20,5.827852348993287,1.1,611,True,-4.376604651162789,0.92
USDJPY,21,-1.7908647450110877,0.96,611,True,-4.376604651162789,0.92
USDJPY,22,5.7795711060948065,1.11,611,True,-4.376604651162789,0.92
USDJPY,23,-0.40660044150110536,0.99,611,True,-4.376604651162789,0.92
USDJPY,24,-5.56507658643326,0.88,611,True,-4.376604651162789,0.92
USDJPY,25,9.004999999999999,1.17,611,True,-4.376604651162789,0.92
USDJPY,26,-6.799476082004556,0.86,611,True,-4.376604651162789,0.92
USDJPY,27,-1.4195525727069345,0.97,611,True,-4.376604651162789,0.92
USDJPY,28,-3.6807079646017695,0.93,611,True,-4.376604651162789,0.92
USDJPY,29,9.399820627802688,1.19,611,True,-4.376604651162789,0.92
USDJPY,30,-4.601002277904327,0.9,611,True,-4.376604651162789,0.92
USDJPY,31,-3.627293064876958,0.92,611,True,-4.376604651162789,0.92
USDJPY,32,13.728750000000002,1.24,611,True,-4.376604651162789,0.92
USDJPY,33,0.3163133640552987,1.01,611,True,-4.376604651162789,0.92
USDJPY,34,-0.9338513513513516,0.98,611,True,-4.376604651162789,0.92
USDJPY,35,-2.2644594594594603,0.95,611,True,-4.376604651162789,0.92
USDJPY,36,4.81863043478261,1.09,611,True,-4.376604651162789,0.92
USDJPY,37,-2.057623318385652,0.96,611,True,-4.376604651162789,0.92
USDJPY,38,-1.2309839816933634,0.98,611,True,-4.376604651162789,0.92
USDJPY,39,-2.8874034334763947,0.94,611,True,-4.376604651162789,0.92
USDJPY,40,14.754553775743707,1.24,611,True,-4.376604651162789,0.92
USDJPY,41,-3.1623296703296697,0.94,611,True,-4.376604651162789,0.92
USDJPY,42,-5.487418655097615,0.88,611,True,-4.376604651162789,0.92
USDJPY,43,7.049426605504586,1.14,611,True,-4.376604651162789,0.92
USDJPY,44,9.105456621004565,1.16,611,True,-4.376604651162789,0.92
USDJPY,45,4.540886363636363,1.08,611,True,-4.376604651162789,0.92
USDJPY,46,4.0590044247787604,1.08,611,True,-4.376604651162789,0.92
USDJPY,47,-5.894733333333334,0.86,611,True,-4.376604651162789,0.92
USDJPY,48,-6.188876651982379,0.88,611,True,-4.376604651162789,0.92
USDJPY,49,4.953923766816143,1.09,611,True,-4.376604651162789,0.92
XAUUSD,0,5.3414405010438415,1.08,666,True,4.249722222222221,1.09
XAUUSD,1,-2.4416808510638304,0.95,666,True,4.249722222222221,1.09
XAUUSD,2,-1.938595387840671,0.96,666,True,4.249722222222221,1.09
XAUUSD,3,7.590991735537192,1.13,666,True,4.249722222222221,1.09
XAUUSD,4,1.4156118143459917,1.03,666,True,4.249722222222221,1.09
XAUUSD,5,17.33324561403509,1.31,666,True,4.249722222222221,1.09
XAUUSD,6,4.210085287846481,1.08,666,True,4.249722222222221,1.09
XAUUSD,7,0.7847119341563777,1.02,666,True,4.249722222222221,1.09
XAUUSD,8,9.303424947145876,1.15,666,True,4.249722222222221,1.09
XAUUSD,9,-3.495820895522388,0.94,666,True,4.249722222222221,1.09
XAUUSD,10,-0.8655602536997897,0.98,666,True,4.249722222222221,1.09
XAUUSD,11,2.485911016949151,1.05,666,True,4.249722222222221,1.09
XAUUSD,12,10.070822784810126,1.17,666,True,4.249722222222221,1.09
XAUUSD,13,5.9046458333333325,1.1,666,True,4.249722222222221,1.09
XAUUSD,14,3.047418699186991,1.06,666,True,4.249722222222221,1.09
XAUUSD,15,5.848049792531121,1.1,666,True,4.249722222222221,1.09
XAUUSD,16,-3.0071111111111106,0.94,666,True,4.249722222222221,1.09
XAUUSD,17,-4.611247357293869,0.91,666,True,4.249722222222221,1.09
XAUUSD,18,8.954831932773109,1.15,666,True,4.249722222222221,1.09
XAUUSD,19,5.6799575371549915,1.1,666,True,4.249722222222221,1.09
XAUUSD,20,-1.0434773662551435,0.98,666,True,4.249722222222221,1.09
XAUUSD,21,-5.0915856236786485,0.89,666,True,4.249722222222221,1.09
XAUUSD,22,2.5708488612836455,1.05,666,True,4.249722222222221,1.09
XAUUSD,23,5.26552106430155,1.09,666,True,4.249722222222221,1.09
XAUUSD,24,-4.571416837782343,0.91,666,True,4.249722222222221,1.09
XAUUSD,25,-1.7347589098532505,0.96,666,True,4.249722222222221,1.09
XAUUSD,26,14.054427966101693,1.21,666,True,4.249722222222221,1.09
XAUUSD,27,-1.1602760084925683,0.98,666,True,4.249722222222221,1.09
XAUUSD,28,-2.5133264033264036,0.96,666,True,4.249722222222221,1.09
XAUUSD,29,13.74162551440329,1.21,666,True,4.249722222222221,1.09
XAUUSD,30,3.268966244725739,1.06,666,True,4.249722222222221,1.09
XAUUSD,31,0.28265690376569064,1.0,666,True,4.249722222222221,1.09
XAUUSD,32,-4.776524390243903,0.91,666,True,4.249722222222221,1.09
XAUUSD,33,1.9137499999999985,1.03,666,True,4.249722222222221,1.09
XAUUSD,34,-1.6321443736730346,0.97,666,True,4.249722222222221,1.09
XAUUSD,35,4.344041666666664,1.08,666,True,4.249722222222221,1.09
XAUUSD,36,-2.5083870967741935,0.95,666,True,4.249722222222221,1.09
XAUUSD,37,-2.7606263048016713,0.94,666,True,4.249722222222221,1.09
XAUUSD,38,9.679402061855669,1.14,666,True,4.249722222222221,1.09
XAUUSD,39,-5.259855371900827,0.88,666,True,4.249722222222221,1.09
XAUUSD,40,-0.6618789144050095,0.99,666,True,4.249722222222221,1.09
XAUUSD,41,2.3872520661157024,1.04,666,True,4.249722222222221,1.09
XAUUSD,42,-0.6781601731601731,0.99,666,True,4.249722222222221,1.09
XAUUSD,43,7.68497807017544,1.13,666,True,4.249722222222221,1.09
XAUUSD,44,-2.619979035639413,0.95,666,True,4.249722222222221,1.09
XAUUSD,45,6.966338329764457,1.12,666,True,4.249722222222221,1.09
XAUUSD,46,-3.196741803278689,0.93,666,True,4.249722222222221,1.09
XAUUSD,47,-2.2617991631799157,0.95,666,True,4.249722222222221,1.09
XAUUSD,48,1.7379668049792532,1.03,666,True,4.249722222222221,1.09
XAUUSD,49,-0.2554736842105271,0.99,666,True,4.249722222222221,1.09
GBPJPY,0,13.067216494845358,1.2,676,True,-5.285084033613447,0.9
GBPJPY,1,-0.8854122621564476,0.98,676,True,-5.285084033613447,0.9
GBPJPY,2,8.871075949367087,1.15,676,True,-5.285084033613447,0.9
GBPJPY,3,-3.2790562248995982,0.93,676,True,-5.285084033613447,0.9
GBPJPY,4,-0.8461382113821146,0.98,676,True,-5.285084033613447,0.9
GBPJPY,5,1.6591702127659564,1.03,676,True,-5.285084033613447,0.9
GBPJPY,6,1.0058571428571417,1.02,676,True,-5.285084033613447,0.9
GBPJPY,7,17.000590631364563,1.27,676,True,-5.285084033613447,0.9
GBPJPY,8,14.29064182194617,1.21,676,True,-5.285084033613447,0.9
GBPJPY,9,5.732537313432836,1.11,676,True,-5.285084033613447,0.9
GBPJPY,10,7.6233198380566805,1.13,676,True,-5.285084033613447,0.9
GBPJPY,11,1.455717171717172,1.02,676,True,-5.285084033613447,0.9
GBPJPY,12,5.782907216494844,1.1,676,True,-5.285084033613447,0.9
GBPJPY,13,11.421393442622954,1.19,676,True,-5.285084033613447,0.9
GBPJPY,14,2.785950413223142,1.06,676,True,-5.285084033613447,0.9
GBPJPY,15,3.68983606557377,1.06,676,True,-5.285084033613447,0.9
GBPJPY,16,8.842515592515591,1.16,676,True,-5.285084033613447,0.9
GBPJPY,17,0.29895918367347046,1.01,676,True,-5.285084033613447,0.9
GBPJPY,18,-2.6999794238683137,0.95,676,True,-5.285084033613447,0.9
GBPJPY,19,1.7911949685534583,1.03,676,True,-5.285084033613447,0.9
GBPJPY,20,15.993008474576271,1.24,676,True,-5.285084033613447,0.9
GBPJPY,21,0.5349079754601221,1.01,676,True,-5.285084033613447,0.9
GBPJPY,22,1.8560796645702313,1.03,676,True,-5.285084033613447,0.9
GBPJPY,23,-1.9741139240506327,0.96,676,True,-5.285084033613447,0.9
GBPJPY,24,5.145306122448981,1.08,676,True,-5.285084033613447,0.9
GBPJPY,25,2.5367857142857186,1.04,676,True,-5.285084033613447,0.9
GBPJPY,26,4.1458316221765905,1.08,676,True,-5.285084033613447,0.9
GBPJPY,27,5.7968442622950835,1.1,676,True,-5.285084033613447,0.9
GBPJPY,28,-1.9219287211740024,0.96,676,True,-5.285084033613447,0.9
GBPJPY,29,-2.36928131416838,0.95,676,True,-5.285084033613447,0.9
GBPJPY,30,2.6131327800829873,1.04,676,True,-5.285084033613447,0.9
GBPJPY,31,-4.338172484599588,0.92,676,True,-5.285084033613447,0.9
GBPJPY,32,7.363375262054507,1.15,676,True,-5.285084033613447,0.9
GBPJPY,33,3.4342332613390925,1.07,676,True,-5.285084033613447,0.9
GBPJPY,34,-3.6104999999999996,0.93,676,True,-5.285084033613447,0.9
GBPJPY,35,7.187510373443986,1.12,676,True,-5.285084033613447,0.9
GBPJPY,36,-3.412576687116564,0.93,676,True,-5.285084033613447,0.9
GBPJPY,37,13.793679833679834,1.21,676,True,-5.285084033613447,0.9
GBPJPY,38,14.420362903225802,1.22,676,True,-5.285084033613447,0.9
GBPJPY,39,1.8975406504065049,1.04,676,True,-5.285084033613447,0.9
GBPJPY,40,2.8405394190871354,1.06,676,True,-5.285084033613447,0.9
GBPJPY,41,12.947676348547716,1.21,676,True,-5.285084033613447,0.9
GBPJPY,42,1.4393686354378818,1.02,676,True,-5.285084033613447,0.9
GBPJPY,43,1.8174526315789454,1.04,676,True,-5.285084033613447,0.9
GBPJPY,44,2.7836864406779642,1.05,676,True,-5.285084033613447,0.9
GBPJPY,45,-0.8495416666666666,0.98,676,True,-5.285084033613447,0.9
GBPJPY,46,-3.441716566866267,0.93,676,True,-5.285084033613447,0.9
GBPJPY,47,6.667,1.12,676,True,-5.285084033613447,0.9
GBPJPY,48,3.5097131147540988,1.07,676,True,-5.285084033613447,0.9
GBPJPY,49,11.187020833333332,1.17,676,True,-5.285084033613447,0.9
USDJPY,50,5.929636363636365,1.11,611,True,-4.376604651162789,0.92
USDJPY,51,5.697817371937638,1.1,611,True,-4.376604651162789,0.92
USDJPY,52,1.9455656108597288,1.04,611,True,-4.376604651162789,0.92
USDJPY,53,2.563809523809523,1.04,611,True,-4.376604651162789,0.92
USDJPY,54,7.650611353711791,1.15,611,True,-4.376604651162789,0.92
USDJPY,55,1.5245898004434586,1.03,611,True,-4.376604651162789,0.92
USDJPY,56,-3.173333333333334,0.92,611,True,-4.376604651162789,0.92
USDJPY,57,0.037146118721460106,1.0,611,True,-4.376604651162789,0.92
USDJPY,58,2.8724036281179135,1.05,611,True,-4.376604651162789,0.92
USDJPY,59,0.2861999999999994,1.01,611,True,-4.376604651162789,0.92
USDJPY,60,-6.912214765100671,0.86,611,True,-4.376604651162789,0.92
USDJPY,61,7.487246696035244,1.13,611,True,-4.376604651162789,0.92
USDJPY,62,-1.233805309734514,0.98,611,True,-4.376604651162789,0.92
USDJPY,63,4.921674008810572,1.09,611,True,-4.376604651162789,0.92
USDJPY,64,1.3611111111111105,1.03,611,True,-4.376604651162789,0.92
USDJPY,65,14.940361173814896,1.23,611,True,-4.376604651162789,0.92
USDJPY,66,6.037210884353744,1.1,611,True,-4.376604651162789,0.92
USDJPY,67,1.2179287305122506,1.02,611,True,-4.376604651162789,0.92
USDJPY,68,14.556479820627803,1.26,611,True,-4.376604651162789,0.92
USDJPY,69,-6.087306843267108,0.86,611,True,-4.376604651162789,0.92
USDJPY,70,3.5226888888888888,1.07,611,True,-4.376604651162789,0.92
USDJPY,71,-3.079192139737991,0.94,611,True,-4.376604651162789,0.92
USDJPY,72,-5.499668874172184,0.88,611,True,-4.376604651162789,0.92
USDJPY,73,-5.86450331125828,0.87,611,True,-4.376604651162789,0.92
USDJPY,74,-3.784446902654867,0.93,611,True,-4.376604651162789,0.92
USDJPY,75,4.683015873015873,1.08,611,True,-4.376604651162789,0.92
USDJPY,76,5.24448577680525,1.09,611,True,-4.376604651162789,0.92
USDJPY,77,2.5644642857142848,1.05,611,True,-4.376604651162789,0.92
USDJPY,78,4.112610619469027,1.07,611,True,-4.376604651162789,0.92
USDJPY,79,-1.0101801801801804,0.98,611,True,-4.376604651162789,0.92
USDJPY,80,3.4262857142857155,1.07,611,True,-4.376604651162789,0.92
USDJPY,81,4.107647058823528,1.08,611,True,-4.376604651162789,0.92
USDJPY,82,-3.124606741573033,0.93,611,True,-4.376604651162789,0.92
USDJPY,83,-4.873925438596491,0.9,611,True,-4.376604651162789,0.92
USDJPY,84,-0.4047682119205296,0.99,611,True,-4.376604651162789,0.92
USDJPY,85,-4.438325791855204,0.91,611,True,-4.376604651162789,0.92
USDJPY,86,0.7118651685393262,1.01,611,True,-4.376604651162789,0.92
USDJPY,87,0.682104072398189,1.01,611,True,-4.376604651162789,0.92
USDJPY,88,18.143466666666665,1.3,611,True,-4.376604651162789,0.92
USDJPY,89,9.29530434782609,1.17,611,True,-4.376604651162789,0.92
USDJPY,90,-7.52304054054054,0.84,611,True,-4.376604651162789,0.92
USDJPY,91,7.03295154185022,1.12,611,True,-4.376604651162789,0.92
USDJPY,92,-1.1821846846846848,0.98,611,True,-4.376604651162789,0.92
USDJPY,93,-1.5264966740576502,0.96,611,True,-4.376604651162789,0.92
USDJPY,94,-1.3159550561797755,0.97,611,True,-4.376604651162789,0.92
USDJPY,95,3.6499549549549553,1.07,611,True,-4.376604651162789,0.92
USDJPY,96,-5.06447427293065,0.9,611,True,-4.376604651162789,0.92
USDJPY,97,1.8012249443207122,1.03,611,True,-4.376604651162789,0.92
USDJPY,98,7.518828828828827,1.14,611,True,-4.376604651162789,0.92
USDJPY,99,-2.227331887201735,0.95,611,True,-4.376604651162789,0.92
XAUUSD,50,3.829768421052632,1.07,666,True,4.249722222222221,1.09
XAUUSD,51,7.479427966101695,1.13,666,True,4.249722222222221,1.09
XAUUSD,52,8.438482328482326,1.15,666,True,4.249722222222221,1.09
XAUUSD,53,7.573643892339545,1.13,666,True,4.249722222222221,1.09
XAUUSD,54,0.11159420289854856,1.0,666,True,4.249722222222221,1.09
XAUUSD,55,3.0983507306889346,1.06,666,True,4.249722222222221,1.09
XAUUSD,56,1.9680785123966928,1.04,666,True,4.249722222222221,1.09
XAUUSD,57,-2.683248407643312,0.95,666,True,4.249722222222221,1.09
XAUUSD,58,4.4836820083682,1.09,666,True,4.249722222222221,1.09
XAUUSD,59,-1.1404621848739478,0.98,666,True,4.249722222222221,1.09
XAUUSD,60,-9.713375527426159,0.77,666,True,4.249722222222221,1.09
XAUUSD,61,0.9493987975951904,1.02,666,True,4.249722222222221,1.09
XAUUSD,62,3.0076578411405306,1.05,666,True,4.249722222222221,1.09
XAUUSD,63,6.350896130346233,1.1,666,True,4.249722222222221,1.09
XAUUSD,64,-3.5925949367088603,0.93,666,True,4.249722222222221,1.09
XAUUSD,65,0.6294351464435154,1.01,666,True,4.249722222222221,1.09
XAUUSD,66,0.5884342379958257,1.01,666,True,4.249722222222221,1.09
XAUUSD,67,-2.896206185567011,0.94,666,True,4.249722222222221,1.09
XAUUSD,68,-3.1003389830508485,0.94,666,True,4.249722222222221,1.09
XAUUSD,69,3.6736755646817247,1.06,666,True,4.249722222222221,1.09
XAUUSD,70,-2.7412448132780076,0.94,666,True,4.249722222222221,1.09
XAUUSD,71,1.5979281183932348,1.03,666,True,4.249722222222221,1.09
XAUUSD,72,1.8647780126849878,1.03,666,True,4.249722222222221,1.09
XAUUSD,73,-2.0746709129511682,0.96,666,True,4.249722222222221,1.09
XAUUSD,74,3.34321961620469,1.07,666,True,4.249722222222221,1.09
XAUUSD,75,2.388017817371936,1.05,666,True,4.249722222222221,1.09
XAUUSD,76,-2.9690534979423857,0.94,666,True,4.249722222222221,1.09
XAUUSD,77,1.8184778012684992,1.03,666,True,4.249722222222221,1.09
XAUUSD,78,-1.9898167006109966,0.96,666,True,4.249722222222221,1.09
XAUUSD,79,12.19046511627907,1.2,666,True,4.249722222222221,1.09
XAUUSD,80,3.5953319502074668,1.06,666,True,4.249722222222221,1.09
XAUUSD,81,1.9674291938997814,1.04,666,True,4.249722222222221,1.09
XAUUSD,82,0.6916564417177913,1.01,666,True,4.249722222222221,1.09
XAUUSD,83,7.098697478991595,1.13,666,True,4.249722222222221,1.09
XAUUSD,84,7.695826446280991,1.14,666,True,4.249722222222221,1.09
XAUUSD,85,-1.5450826446281005,0.97,666,True,4.249722222222221,1.09
XAUUSD,86,6.597305263157893,1.11,666,True,4.249722222222221,1.09
XAUUSD,87,9.038486140724945,1.13,666,True,4.249722222222221,1.09
XAUUSD,88,-0.7681891348088531,0.99,666,True,4.249722222222221,1.09
XAUUSD,89,-2.7463469387755097,0.94,666,True,4.249722222222221,1.09
XAUUSD,90,7.182531380753138,1.13,666,True,4.249722222222221,1.09
XAUUSD,91,4.213978494623657,1.07,666,True,4.249722222222221,1.09
XAUUSD,92,6.552738853503187,1.12,666,True,4.249722222222221,1.09
XAUUSD,93,2.1515498938428865,1.04,666,True,4.249722222222221,1.09
XAUUSD,94,4.686038543897216,1.08,666,True,4.249722222222221,1.09
XAUUSD,95,-1.8220173535791788,0.96,666,True,4.249722222222221,1.09
XAUUSD,96,11.467605932203393,1.22,666,True,4.249722222222221,1.09
XAUUSD,97,-2.280871369294606,0.95,666,True,4.249722222222221,1.09
XAUUSD,98,11.542744282744286,1.19,666,True,4.249722222222221,1.09
XAUUSD,99,6.63734279918864,1.1,666,True,4.249722222222221,1.09
GBPJPY,50,3.8034038054968278,1.07,676,True,-5.285084033613447,0.9
GBPJPY,51,0.6391578947368429,1.01,676,True,-5.285084033613447,0.9
GBPJPY,52,-0.9125258799171853,0.98,676,True,-5.285084033613447,0.9
GBPJPY,53,-3.6432083333333334,0.93,676,True,-5.285084033613447,0.9
GBPJPY,54,8.401673640167365,1.15,676,True,-5.285084033613447,0.9
GBPJPY,55,-2.63538617886179,0.95,676,True,-5.285084033613447,0.9
GBPJPY,56,7.3216804979253105,1.15,676,True,-5.285084033613447,0.9
GBPJPY,57,7.981407867494825,1.14,676,True,-5.285084033613447,0.9
GBPJPY,58,5.585828092243187,1.09,676,True,-5.285084033613447,0.9
GBPJPY,59,8.68020618556701,1.14,676,True,-5.285084033613447,0.9
GBPJPY,60,0.72301886792453,1.01,676,True,-5.285084033613447,0.9
GBPJPY,61,-3.57363453815261,0.92,676,True,-5.285084033613447,0.9
GBPJPY,62,10.387675350701402,1.18,676,True,-5.285084033613447,0.9
GBPJPY,63,19.221443298969067,1.3,676,True,-5.285084033613447,0.9
GBPJPY,64,-2.2421030927835033,0.95,676,True,-5.285084033613447,0.9
GBPJPY,65,5.658393574297188,1.09,676,True,-5.285084033613447,0.9
GBPJPY,66,-1.5954303278688513,0.97,676,True,-5.285084033613447,0.9
GBPJPY,67,5.871422680412372,1.11,676,True,-5.285084033613447,0.9
GBPJPY,68,3.1553014553014567,1.06,676,True,-5.285084033613447,0.9
GBPJPY,69,-6.63353305785124,0.86,676,True,-5.285084033613447,0.9
GBPJPY,70,-2.572259414225941,0.95,676,True,-5.285084033613447,0.9
GBPJPY,71,3.9063951120162916,1.06,676,True,-5.285084033613447,0.9
GBPJPY,72,12.414135021097044,1.19,676,True,-5.285084033613447,0.9
GBPJPY,73,8.484743589743589,1.14,676,True,-5.285084033613447,0.9
GBPJPY,74,-3.9435496957403653,0.93,676,True,-5.285084033613447,0.9
GBPJPY,75,-4.120936170212766,0.91,676,True,-5.285084033613447,0.9
GBPJPY,76,3.3467223382045916,1.06,676,True,-5.285084033613447,0.9
GBPJPY,77,7.943565400843884,1.13,676,True,-5.285084033613447,0.9
GBPJPY,78,3.0741090146750527,1.06,676,True,-5.285084033613447,0.9
GBPJPY,79,2.9457081545064394,1.06,676,True,-5.285084033613447,0.9
GBPJPY,80,8.337225672877846,1.14,676,True,-5.285084033613447,0.9
GBPJPY,81,4.0469519832985394,1.09,676,True,-5.285084033613447,0.9
GBPJPY,82,-2.839182389937107,0.94,676,True,-5.285084033613447,0.9
GBPJPY,83,-0.40892057026476575,0.99,676,True,-5.285084033613447,0.9
GBPJPY,84,12.402689938398355,1.18,676,True,-5.285084033613447,0.9
GBPJPY,85,4.899831932773109,1.08,676,True,-5.285084033613447,0.9
GBPJPY,86,3.0214020618556705,1.05,676,True,-5.285084033613447,0.9
GBPJPY,87,3.553966597077248,1.08,676,True,-5.285084033613447,0.9
GBPJPY,88,5.344604166666666,1.1,676,True,-5.285084033613447,0.9
GBPJPY,89,0.19295180722891567,1.0,676,True,-5.285084033613447,0.9
GBPJPY,90,1.1304801670146118,1.02,676,True,-5.285084033613447,0.9
GBPJPY,91,5.885082987551867,1.09,676,True,-5.285084033613447,0.9
GBPJPY,92,-1.4544855967078192,0.97,676,True,-5.285084033613447,0.9
GBPJPY,93,3.262983193277312,1.06,676,True,-5.285084033613447,0.9
GBPJPY,94,-2.7465031982942434,0.94,676,True,-5.285084033613447,0.9
GBPJPY,95,-6.234863731656184,0.87,676,True,-5.285084033613447,0.9
GBPJPY,96,-6.391995884773661,0.87,676,True,-5.285084033613447,0.9
GBPJPY,97,7.52694214876033,1.15,676,True,-5.285084033613447,0.9
GBPJPY,98,-2.430991735537191,0.96,676,True,-5.285084033613447,0.9
GBPJPY,99,-2.655010020040081,0.94,676,True,-5.285084033613447,0.9
