symbol,direction,entry_dt,exit_dt,entry,exit,stop_loss,take_profit,size,pnl_pips,pnl_gross,pnl,bars_held,exit_reason,cost_model_status,adx_entry,atr_entry,ema_distance,trend_gap,session,year
GBPJPY,1,2019-03-08 12:00:00,2019-03-08 16:00:00,145.405,144.67403,144.67403,146.86693,0.1503,-73.1,-99.98,-100.02,1,stop_loss,OK,27.05281,0.48731,-2.36895,4.74187,london,2019
GBPJPY,1,2019-03-11 00:00:00,2019-03-11 16:00:00,143.975,145.56908,143.17796,145.56908,0.1365,159.4,198.01,197.97,4,take_profit,OK,34.11782,0.53136,-3.08894,3.93358,,2019
GBPJPY,1,2019-03-11 16:00:00,2019-03-12 00:00:00,145.002,146.80285,144.10157,146.80285,0.1232,180.1,201.9,203.35,2,take_profit,OK,38.79829,0.60028,-1.77168,2.99649,new_york,2019
GBPJPY,1,2019-03-12 00:00:00,2019-03-12 12:00:00,146.23,145.27289,145.27289,148.14423,0.1183,-95.7,-103.04,-103.07,3,stop_loss,OK,34.13365,0.63808,0.28506,2.77207,,2019
GBPJPY,1,2019-03-12 20:00:00,2019-03-13 20:00:00,145.633,148.15015,144.37442,148.15015,0.089,251.7,203.86,204.92,6,take_profit,OK,30.59441,0.83905,-0.62403,2.0763,new_york,2019
GBPJPY,1,2019-03-21 04:00:00,2019-03-21 08:00:00,146.287,145.39569,145.39569,148.06961,0.1283,-89.1,-104.06,-104.1,1,stop_loss,OK,21.36154,0.5942,-1.52561,3.03641,,2019
GBPJPY,1,2019-03-22 00:00:00,2019-03-25 16:00:00,145.156,145.01,144.05911,147.34977,0.1032,-14.6,-13.71,-9.98,10,time_exit,OK,33.02773,0.73126,-2.19959,1.99213,,2019
GBPJPY,1,2019-03-25 16:00:00,2019-03-27 08:00:00,145.581,145.865,144.5343,147.6744,0.108,28.4,27.91,30.5,10,time_exit,OK,44.44338,0.6978,-1.02859,1.33537,new_york,2019
GBPJPY,1,2019-03-27 12:00:00,2019-03-28 08:00:00,145.865,144.91773,144.91773,147.75955,0.1197,-94.7,-103.18,-98.86,5,stop_loss,OK,26.94859,0.63152,-0.33669,1.08247,london,2019
GBPJPY,1,2019-03-29 04:00:00,2019-04-01 20:00:00,144.76,145.915,143.7335,146.81301,0.1094,115.5,114.98,118.94,10,time_exit,OK,23.81004,0.68434,-1.48376,0.58375,,2019
GBPJPY,1,2019-04-19 00:00:00,2019-04-22 16:00:00,145.375,145.343,144.91251,146.29998,0.2457,-3.2,-7.15,1.72,10,time_exit,OK,23.27236,0.30833,-1.91943,0.95753,,2019
GBPJPY,1,2019-04-22 20:00:00,2019-04-23 00:00:00,145.345,145.00561,145.00561,146.02378,0.3348,-33.9,-103.4,-99.44,1,stop_loss,OK,30.95969,0.22626,-1.88286,0.53273,new_york,2019
GBPJPY,1,2019-04-23 08:00:00,2019-04-23 16:00:00,145.288,144.94065,144.94065,145.9827,0.324,-34.7,-102.41,-102.52,2,stop_loss,OK,35.28135,0.23157,-1.80519,0.29783,london,2019
GBPJPY,1,2019-09-24 04:00:00,2019-09-25 12:00:00,133.873,133.17316,133.17316,135.27268,0.1592,-70.0,-101.39,-99.5,8,stop_loss,OK,20.26494,0.46656,-0.25913,3.71462,,2019
GBPJPY,1,2019-09-26 08:00:00,2019-09-26 12:00:00,133.225,132.56307,132.56307,134.54886,0.1667,-66.2,-100.41,-100.47,1,stop_loss,OK,20.07206,0.44129,-1.28644,3.11888,london,2019
GBPJPY,1,2019-09-26 16:00:00,2019-09-30 08:00:00,132.833,133.021,132.12791,134.24318,0.1549,18.8,26.5,33.97,10,time_exit,OK,22.88207,0.47006,-1.8699,2.74255,new_york,2019
GBPJPY,1,2019-09-30 12:00:00,2019-10-01 16:00:00,133.021,132.3529,132.3529,134.3572,0.164,-66.8,-99.71,-97.77,7,stop_loss,OK,31.11516,0.4454,-0.82655,2.07926,london,2019
GBPJPY,1,2019-10-01 20:00:00,2019-10-02 08:00:00,132.66,131.93198,131.93198,134.11604,0.1491,-72.8,-98.78,-97.02,3,stop_loss,OK,23.0221,0.48535,-1.20802,1.54457,new_york,2019
GBPJPY,1,2019-10-02 08:00:00,2019-10-02 12:00:00,132.451,131.7514,131.7514,133.8502,0.1536,-70.0,-97.79,-97.84,1,stop_loss,OK,24.2968,0.4664,-1.51364,1.42298,london,2019
GBPJPY,1,2019-10-02 16:00:00,2019-10-04 08:00:00,131.777,131.659,131.01109,133.30881,0.1389,-11.8,-14.92,-8.21,10,time_exit,OK,27.49089,0.5106,-2.4846,1.11223,new_york,2019
GBPJPY,1,2019-10-04 16:00:00,2019-10-08 08:00:00,131.838,131.513,131.14361,133.22678,0.1531,-32.5,-45.28,-37.89,10,time_exit,OK,33.88523,0.46293,-1.64774,0.41163,new_york,2019
GBPJPY,1,2019-11-20 16:00:00,2019-11-22 08:00:00,140.046,139.729,139.51894,141.10012,0.2009,-31.7,-57.95,-48.26,10,time_exit,OK,20.22445,0.35137,-0.42828,4.68197,new_york,2019
GBPJPY,1,2019-12-03 00:00:00,2019-12-04 08:00:00,140.992,141.97719,140.4994,141.97719,0.2139,98.5,191.77,194.3,8,take_profit,OK,24.52508,0.3284,0.48072,4.4103,,2019
GBPJPY,1,2019-12-18 00:00:00,2019-12-19 12:00:00,143.731,142.62662,142.62662,145.93976,0.0973,-110.4,-97.79,-94.27,9,stop_loss,OK,21.77634,0.73625,-0.50903,3.55956,,2019
GBPJPY,1,2019-12-19 12:00:00,2019-12-19 16:00:00,143.581,142.73602,142.73602,145.27095,0.126,-84.5,-96.89,-96.93,1,stop_loss,OK,25.94312,0.56332,-0.58675,3.98127,london,2019
GBPJPY,1,2019-12-20 04:00:00,2019-12-23 12:00:00,142.362,141.49624,141.49624,144.09352,0.1217,-86.6,-95.88,-91.49,8,stop_loss,OK,29.12155,0.57717,-2.3101,3.45642,,2019
GBPJPY,1,2019-12-23 20:00:00,2019-12-26 12:00:00,141.471,142.324,140.67871,143.05558,0.1317,85.3,102.23,110.18,10,time_exit,OK,30.15585,0.52819,-3.27926,2.74925,new_york,2019
GBPJPY,1,2019-12-26 16:00:00,2019-12-27 12:00:00,142.324,143.54327,141.71437,143.54327,0.1732,121.9,192.17,194.22,5,take_profit,OK,28.05153,0.40642,-1.00392,2.38854,new_york,2019
GBPJPY,1,2020-01-03 16:00:00,2020-01-07 08:00:00,141.387,142.97813,140.59143,142.97813,0.1354,159.1,196.05,202.58,10,take_profit,OK,23.55638,0.53038,-2.68401,1.42032,new_york,2020
GBPJPY,1,2020-01-28 20:00:00,2020-01-30 12:00:00,141.86,142.641,141.17537,143.22926,0.1606,78.1,114.14,121.89,10,time_exit,OK,23.06244,0.45642,-2.4954,0.65034,new_york,2020
GBPJPY,1,2020-01-30 16:00:00,2020-02-03 08:00:00,142.642,141.99151,141.99151,143.94299,0.1711,-65.0,-101.28,-93.03,10,stop_loss,OK,23.93007,0.43366,-0.01305,0.03847,new_york,2020
GBPJPY,1,2020-02-24 16:00:00,2020-02-24 20:00:00,143.584,142.843,142.843,145.066,0.1488,-74.1,-100.34,-100.38,1,stop_loss,OK,28.08874,0.494,0.15622,1.29863,new_york,2020
GBPJPY,1,2020-02-25 00:00:00,2020-02-26 16:00:00,143.138,142.575,142.34713,144.71975,0.138,-56.3,-70.7,-69.07,10,time_exit,OK,29.33392,0.52725,-0.53998,1.13625,,2020
GBPJPY,1,2020-02-26 16:00:00,2020-02-27 08:00:00,142.888,142.13474,142.13474,144.39451,0.1439,-75.3,-98.64,-93.44,4,stop_loss,OK,25.8441,0.50217,-1.01359,0.978,new_york,2020
GBPJPY,1,2020-02-27 20:00:00,2020-02-28 00:00:00,141.951,141.17944,141.17944,143.49411,0.1392,-77.2,-97.73,-96.09,1,stop_loss,OK,33.28778,0.51437,-2.24256,0.47696,new_york,2020
GBPJPY,1,2020-06-12 08:00:00,2020-06-15 08:00:00,134.714,133.64858,133.64858,136.84484,0.0998,-106.5,-96.76,-93.16,6,stop_loss,OK,40.01963,0.71028,-1.81286,2.55419,london,2020
GBPJPY,1,2020-06-15 12:00:00,2020-06-17 04:00:00,134.579,134.659,133.43077,136.87547,0.0917,8.0,6.68,8.87,10,time_exit,OK,37.28376,0.76549,-1.41266,1.88526,london,2020
GBPJPY,1,2020-06-17 12:00:00,2020-06-18 04:00:00,134.91,133.80149,133.80149,137.12702,0.0951,-110.9,-95.93,-92.5,4,stop_loss,OK,24.77512,0.73901,-0.78701,1.56867,london,2020
GBPJPY,1,2020-06-18 08:00:00,2020-06-18 12:00:00,134.099,133.05924,133.05924,136.17853,0.1004,-104.0,-95.0,-95.03,1,stop_loss,OK,26.27383,0.69318,-1.70552,1.36926,london,2020
GBPJPY,1,2020-06-19 00:00:00,2020-06-22 00:00:00,132.904,131.85044,131.85044,135.01111,0.0981,-105.4,-94.05,-90.51,6,stop_loss,OK,31.64437,0.70237,-2.96712,0.95843,,2020
GBPJPY,1,2020-06-22 04:00:00,2020-06-23 00:00:00,131.894,133.70179,130.99011,133.70179,0.1132,180.8,186.22,187.56,5,take_profit,OK,37.62392,0.6026,-4.03651,0.28367,,2020
GBPJPY,1,2020-07-27 16:00:00,2020-07-29 08:00:00,135.502,136.035,134.82699,136.85203,0.1547,53.3,75.03,78.74,10,time_exit,OK,23.71037,0.45001,0.06327,1.80013,new_york,2020
GBPJPY,1,2020-08-18 00:00:00,2020-08-19 16:00:00,138.898,139.193,138.34986,139.99429,0.192,29.5,51.54,53.81,10,time_exit,OK,33.19064,0.36543,-0.09125,5.4351,,2020
GBPJPY,1,2020-08-20 04:00:00,2020-08-21 16:00:00,139.047,138.47579,138.47579,140.18941,0.1853,-57.1,-96.32,-94.13,9,stop_loss,OK,21.78751,0.3808,-0.046,4.79876,,2020
GBPJPY,1,2020-08-24 00:00:00,2020-08-25 12:00:00,138.364,139.67712,137.70744,139.67712,0.1596,131.3,190.71,192.6,9,take_profit,OK,20.99412,0.43771,-1.34174,3.76193,,2020
GBPJPY,1,2020-09-04 00:00:00,2020-09-04 16:00:00,140.903,140.18451,140.18451,142.33998,0.1488,-71.8,-97.29,-97.34,4,stop_loss,OK,30.0451,0.47899,0.42023,4.24211,,2020
GBPJPY,1,2020-09-04 20:00:00,2020-09-07 12:00:00,140.738,139.982,139.982,142.25,0.14,-75.6,-96.31,-91.26,4,stop_loss,OK,25.91924,0.504,-0.20212,3.86535,new_york,2020
GBPJPY,1,2020-09-07 20:00:00,2020-09-08 08:00:00,140.036,139.279,139.279,141.55,0.1385,-75.7,-95.41,-93.77,3,stop_loss,OK,25.06099,0.50467,-1.40134,3.49347,new_york,2020
GBPJPY,1,2020-09-08 20:00:00,2020-09-09 00:00:00,138.186,137.41171,137.41171,139.73459,0.1341,-77.4,-94.49,-92.9,1,stop_loss,OK,34.6858,0.5162,-4.27722,2.72204,new_york,2020
GBPJPY,1,2020-09-09 16:00:00,2020-09-10 16:00:00,137.434,136.5982,136.5982,139.10561,0.123,-83.6,-93.55,-89.11,6,stop_loss,OK,45.60194,0.5572,-4.33123,1.68274,new_york,2020
GBPJPY,1,2020-09-11 08:00:00,2020-09-15 00:00:00,136.1,135.688,135.13023,138.03954,0.105,-41.2,-39.37,-34.3,10,time_exit,OK,46.07832,0.64651,-4.3868,0.29516,london,2020
GBPJPY,1,2020-11-13 08:00:00,2020-11-17 00:00:00,137.668,138.119,136.91911,139.16578,0.1355,45.1,55.61,62.15,10,time_exit,OK,32.16068,0.49926,0.02311,1.6305,london,2020
GBPJPY,1,2020-11-17 00:00:00,2020-11-18 16:00:00,137.985,137.974,137.20959,139.53583,0.1317,-1.1,-1.32,0.24,10,time_exit,OK,25.31273,0.51694,0.47432,1.60499,,2020
GBPJPY,1,2020-11-30 12:00:00,2020-12-01 08:00:00,138.64,139.78638,138.06681,139.78638,0.1782,114.6,185.9,188.01,5,take_profit,OK,24.2087,0.38213,-0.22797,2.70759,london,2020
GBPJPY,1,2020-12-11 20:00:00,2020-12-14 08:00:00,137.441,139.2743,136.52435,139.2743,0.1137,183.3,189.69,193.79,3,take_profit,OK,26.34742,0.6111,-2.5616,1.05373,new_york,2020
GBPJPY,1,2020-12-14 08:00:00,2020-12-16 00:00:00,138.605,139.289,137.68175,140.4515,0.1152,68.4,71.71,74.47,10,time_exit,OK,25.76651,0.6155,-0.51084,0.91141,london,2020
GBPJPY,1,2020-12-21 08:00:00,2020-12-21 12:00:00,138.289,137.45468,137.45468,139.95765,0.1284,-83.4,-97.49,-97.53,1,stop_loss,OK,20.72177,0.55622,-1.79748,1.18193,london,2020
GBPJPY,1,2020-12-21 16:00:00,2020-12-23 08:00:00,137.86,138.803,136.91432,139.75136,0.1122,94.3,96.28,98.97,10,time_exit,OK,24.42923,0.63045,-2.05187,0.86071,new_york,2020
GBPJPY,1,2021-01-05 04:00:00,2021-01-06 20:00:00,139.939,140.236,139.25425,141.3085,0.1565,29.7,42.3,44.15,10,time_exit,OK,26.75982,0.4565,-0.21946,1.93406,,2021
GBPJPY,1,2021-01-15 20:00:00,2021-01-18 04:00:00,141.235,140.71323,140.71323,142.27855,0.2063,-52.2,-97.95,-90.5,2,stop_loss,OK,29.74475,0.34785,0.12838,3.56845,new_york,2021
GBPJPY,1,2021-01-18 16:00:00,2021-01-19 12:00:00,140.605,141.62741,140.0938,141.62741,0.2086,102.2,194.08,196.55,5,take_profit,OK,29.34177,0.3408,-1.48962,3.2967,new_york,2021
GBPJPY,1,2021-01-21 00:00:00,2021-01-22 16:00:00,141.362,142.009,140.82944,142.42713,0.2043,64.7,120.29,122.7,10,time_exit,OK,22.52452,0.35504,0.39083,3.09161,,2021
GBPJPY,1,2021-03-22 04:00:00,2021-03-23 12:00:00,150.609,149.90568,149.90568,152.01563,0.1566,-70.3,-100.23,-98.37,8,stop_loss,OK,23.30857,0.46888,-1.46038,5.87863,,2021
GBPJPY,1,2021-03-24 16:00:00,2021-03-26 08:00:00,149.093,150.54902,148.36499,150.54902,0.1498,145.6,198.48,205.71,10,take_profit,OK,45.58212,0.48534,-3.18824,3.93115,new_york,2021
GBPJPY,1,2021-03-26 08:00:00,2021-03-29 08:00:00,150.35,151.66693,149.69154,151.66693,0.1691,131.7,202.65,208.76,6,take_profit,OK,35.04661,0.43898,0.09941,3.40015,london,2021
GBPJPY,1,2021-04-07 04:00:00,2021-04-07 08:00:00,151.858,151.28171,151.28171,153.01058,0.1972,-57.6,-103.42,-103.48,1,stop_loss,OK,32.93352,0.38419,-0.78477,5.29089,,2021
GBPJPY,1,2021-04-07 12:00:00,2021-04-07 16:00:00,151.939,151.33328,151.33328,153.15043,0.1857,-60.6,-102.36,-102.42,1,stop_loss,OK,34.89473,0.40381,-0.48606,4.88972,london,2021
GBPJPY,1,2021-04-08 00:00:00,2021-04-08 08:00:00,150.912,150.25877,150.25877,152.21847,0.1705,-65.3,-101.35,-101.41,2,stop_loss,OK,38.11109,0.43549,-2.55132,4.17219,,2021
GBPJPY,1,2021-04-08 08:00:00,2021-04-08 12:00:00,150.897,150.27172,150.27172,152.14755,0.1763,-62.5,-100.31,-100.37,1,stop_loss,OK,39.48699,0.41685,-2.43852,4.11648,london,2021
GBPJPY,1,2021-04-09 04:00:00,2021-04-12 20:00:00,150.212,150.327,149.56544,151.50511,0.1688,11.5,17.66,23.76,10,time_exit,OK,45.46599,0.43104,-3.20921,3.2471,,2021
GBPJPY,1,2021-04-13 04:00:00,2021-04-13 12:00:00,150.546,149.87289,149.87289,151.89222,0.1626,-67.3,-99.6,-99.65,2,stop_loss,OK,42.87455,0.44874,-1.30583,2.04039,,2021
GBPJPY,1,2021-04-14 08:00:00,2021-04-16 00:00:00,150.017,149.748,149.34768,151.35564,0.1619,-26.9,-39.63,-31.82,10,time_exit,OK,41.40147,0.44621,-1.9141,1.49157,london,2021
GBPJPY,1,2021-04-16 00:00:00,2021-04-19 16:00:00,149.911,151.07645,149.32827,151.07645,0.1853,116.5,196.52,203.21,10,take_profit,OK,34.77516,0.38848,-1.87865,1.02163,,2021
GBPJPY,1,2021-04-23 04:00:00,2021-04-26 20:00:00,149.374,150.266,148.73223,150.65754,0.1717,89.2,139.37,145.57,10,time_exit,OK,22.4221,0.42785,-2.54115,0.46555,,2021
GBPJPY,1,2021-04-26 20:00:00,2021-04-28 12:00:00,150.154,151.107,149.51514,151.43171,0.175,95.3,151.77,155.96,10,time_exit,OK,20.24895,0.4259,-0.16547,0.0342,new_york,2021
GBPJPY,1,2021-05-07 00:00:00,2021-05-10 04:00:00,151.505,152.70602,150.90449,152.70602,0.1891,120.1,206.67,213.5,7,take_profit,OK,20.17217,0.40034,0.23832,1.8009,,2021
GBPJPY,1,2021-05-24 16:00:00,2021-05-26 08:00:00,154.029,154.111,153.56282,154.96136,0.2486,8.2,18.55,24.51,10,time_exit,OK,22.7819,0.31079,0.23057,5.20359,new_york,2021
GBPJPY,1,2021-05-26 08:00:00,2021-05-27 12:00:00,154.117,154.98201,153.68449,154.98201,0.2685,86.5,211.35,221.05,7,take_profit,OK,22.99762,0.28834,0.45256,5.14624,london,2021
GBPJPY,1,2021-06-08 20:00:00,2021-06-10 08:00:00,154.911,154.45241,154.45241,155.82817,0.2586,-45.9,-107.92,-95.44,9,stop_loss,OK,20.15198,0.30572,-0.47104,4.50066,new_york,2021
GBPJPY,1,2021-06-10 16:00:00,2021-06-14 00:00:00,155.133,154.61113,154.61113,156.17673,0.2252,-52.2,-106.95,-96.08,8,stop_loss,OK,20.85607,0.34791,0.48923,3.35216,new_york,2021
GBPJPY,1,2021-06-14 16:00:00,2021-06-16 08:00:00,154.851,155.05,154.33838,155.87624,0.2272,19.9,41.14,46.59,10,time_exit,OK,21.68913,0.34175,-0.24276,2.96523,new_york,2021
GBPJPY,1,2021-06-16 08:00:00,2021-06-17 08:00:00,155.053,154.61405,154.61405,155.93089,0.2665,-43.9,-106.45,-96.83,6,stop_loss,OK,21.21087,0.29263,0.18645,3.28462,london,2021
GBPJPY,1,2021-06-17 08:00:00,2021-06-17 12:00:00,154.93,154.49177,154.49177,155.80647,0.2645,-43.8,-105.48,-105.56,1,stop_loss,OK,20.21658,0.29216,-0.18008,3.05823,london,2021
GBPJPY,1,2021-06-18 00:00:00,2021-06-18 08:00:00,153.352,152.75916,152.75916,154.53767,0.1936,-59.3,-104.44,-104.51,2,stop_loss,OK,29.30417,0.39522,-3.27106,1.84928,,2021
GBPJPY,1,2021-06-21 04:00:00,2021-06-21 08:00:00,152.424,151.73002,151.73002,153.81197,0.1637,-69.4,-103.38,-103.43,1,stop_loss,OK,44.67932,0.46266,-4.05647,0.67294,,2021
GBPJPY,1,2021-06-21 12:00:00,2021-06-22 00:00:00,152.159,153.75566,151.36067,153.75566,0.1409,159.7,204.72,206.39,3,take_profit,OK,49.26268,0.53222,-3.66952,0.31025,london,2021
GBPJPY,1,2021-06-22 00:00:00,2021-06-23 16:00:00,153.53,154.934,152.71532,155.15935,0.1408,140.4,179.89,181.56,10,time_exit,OK,45.19527,0.54312,-0.55351,0.17536,,2021
GBPJPY,1,2021-06-24 20:00:00,2021-06-28 12:00:00,154.308,154.102,153.56393,155.79615,0.1569,-20.6,-29.41,-21.84,10,time_exit,OK,24.85179,0.49605,0.15164,0.46694,new_york,2021
GBPJPY,1,2021-06-28 12:00:00,2021-06-28 16:00:00,154.176,153.52829,153.52829,155.47142,0.1799,-64.8,-106.04,-106.09,1,stop_loss,OK,22.99121,0.43181,0.03764,0.36202,london,2021
GBPJPY,1,2021-06-29 00:00:00,2021-06-29 12:00:00,153.56,152.9182,152.9182,154.8436,0.1797,-64.2,-104.95,-105.01,3,stop_loss,OK,22.44047,0.42787,-1.3525,0.26429,,2021
GBPJPY,1,2021-08-13 04:00:00,2021-08-13 08:00:00,152.49,152.07684,152.07684,153.31631,0.2763,-41.3,-103.88,-103.97,1,stop_loss,OK,20.45399,0.27544,-0.76541,0.33245,,2021
GBPJPY,1,2021-08-13 08:00:00,2021-08-13 12:00:00,152.517,152.11868,152.11868,153.31365,0.2838,-39.8,-102.87,-102.96,1,stop_loss,OK,21.34661,0.26555,-0.66509,0.32114,london,2021
GBPJPY,1,2021-08-13 16:00:00,2021-08-13 20:00:00,152.4,151.96927,151.96927,153.26146,0.2598,-43.1,-101.83,-101.91,1,stop_loss,OK,24.88637,0.28715,-0.91449,0.21102,new_york,2021
GBPJPY,1,2021-09-15 20:00:00,2021-09-17 12:00:00,151.26,151.802,150.70565,152.36871,0.1998,54.2,98.55,108.19,10,time_exit,OK,21.53348,0.36957,-1.56141,0.13155,new_york,2021
GBPJPY,1,2021-10-25 00:00:00,2021-10-26 12:00:00,156.016,157.58352,155.23224,157.58352,0.1429,156.8,203.84,205.53,9,take_profit,OK,30.00248,0.52251,-0.37297,5.2434,,2021
GBPJPY,1,2021-10-27 16:00:00,2021-10-29 08:00:00,156.211,156.596,155.47272,157.68756,0.1547,38.5,54.2,61.66,10,time_exit,OK,20.56084,0.49219,-0.63682,5.03625,new_york,2021
GBPJPY,1,2021-11-03 16:00:00,2021-11-04 12:00:00,155.518,154.82953,154.82953,156.89494,0.1669,-68.8,-104.56,-98.54,5,stop_loss,OK,20.03432,0.45898,-1.0345,3.19893,new_york,2021
GBPJPY,1,2021-11-05 00:00:00,2021-11-08 16:00:00,153.516,153.52,152.65591,155.23617,0.1323,0.4,0.48,5.26,10,time_exit,OK,23.08232,0.57339,-3.74426,2.02009,,2021
GBPJPY,1,2021-11-08 16:00:00,2021-11-10 08:00:00,153.507,153.239,152.69974,155.12153,0.1411,-26.8,-34.41,-31.03,10,time_exit,OK,36.29973,0.53818,-2.56875,0.8411,new_york,2021
GBPJPY,1,2022-01-24 00:00:00,2022-01-24 12:00:00,154.018,153.38231,153.38231,155.28938,0.1786,-63.6,-103.32,-103.37,3,stop_loss,OK,27.77735,0.42379,-3.91004,2.28934,,2022
GBPJPY,1,2022-01-25 00:00:00,2022-01-26 16:00:00,153.6,154.627,152.87089,155.05821,0.1542,102.7,144.11,145.93,10,time_exit,OK,36.57314,0.48607,-3.17557,1.22476,,2022
GBPJPY,1,2022-01-26 16:00:00,2022-01-28 08:00:00,154.402,154.717,153.70625,155.7935,0.1639,31.5,46.98,54.89,10,time_exit,OK,32.12691,0.46383,-0.87624,0.40693,new_york,2022
GBPJPY,1,2022-01-28 08:00:00,2022-01-28 20:00:00,154.825,154.113,154.113,156.24899,0.161,-71.2,-104.31,-104.37,3,stop_loss,OK,20.05606,0.47466,0.30593,0.17024,london,2022
GBPJPY,1,2022-02-14 04:00:00,2022-02-14 08:00:00,156.324,155.50702,155.50702,157.95796,0.1389,-81.7,-103.27,-103.31,1,stop_loss,OK,28.73216,0.54465,0.0604,1.85818,,2022
GBPJPY,1,2022-02-14 08:00:00,2022-02-14 12:00:00,156.375,155.59324,155.59324,157.93853,0.1437,-78.2,-102.23,-102.27,1,stop_loss,OK,27.59907,0.52118,0.15466,1.92726,london,2022
GBPJPY,1,2022-02-14 16:00:00,2022-02-16 08:00:00,156.252,156.859,155.36896,158.01808,0.1259,60.7,69.54,72.56,10,time_exit,OK,28.47563,0.58869,-0.01435,1.63108,new_york,2022
GBPJPY,1,2022-02-17 12:00:00,2022-02-21 04:00:00,156.578,156.579,155.80178,158.13043,0.1443,0.1,0.13,7.09,10,time_exit,OK,20.44426,0.51748,0.29229,1.79194,london,2022
GBPJPY,1,2022-02-21 04:00:00,2022-02-22 00:00:00,156.568,155.84621,155.84621,158.01159,0.1553,-72.2,-102.01,-100.17,5,stop_loss,OK,22.27455,0.4812,0.18864,1.81604,,2022
GBPJPY,1,2022-02-22 08:00:00,2022-02-24 00:00:00,155.996,155.802,155.33937,157.30925,0.169,-19.4,-29.84,-21.68,10,time_exit,OK,28.65142,0.43775,-0.94797,1.75282,london,2022
GBPJPY,1,2022-02-24 04:00:00,2022-02-24 08:00:00,155.802,155.15313,155.15313,157.09974,0.1707,-64.9,-100.79,-100.85,1,stop_loss,OK,27.87525,0.43258,-1.20195,1.43875,,2022
GBPJPY,1,2022-02-24 20:00:00,2022-02-28 00:00:00,154.179,153.33613,153.33613,155.86473,0.1301,-84.3,-99.79,-93.51,7,stop_loss,OK,37.44703,0.56191,-3.22863,0.63377,new_york,2022
GBPJPY,1,2022-02-28 04:00:00,2022-03-01 16:00:00,154.36,153.41689,153.41689,156.24623,0.1152,-94.3,-98.87,-97.51,9,stop_loss,OK,37.67928,0.62874,-2.01007,0.1006,,2022
GBPJPY,1,2022-03-30 12:00:00,2022-04-01 04:00:00,159.804,160.985,158.24108,162.92984,0.0688,118.1,73.94,77.26,10,time_exit,OK,32.3933,1.04195,0.16314,2.87873,london,2022
GBPJPY,1,2022-04-22 16:00:00,2022-04-25 04:00:00,165.442,164.38651,164.38651,167.55298,0.1027,-105.5,-98.64,-94.93,3,stop_loss,OK,40.83919,0.70366,-0.26507,5.91129,new_york,2022
GBPJPY,1,2022-04-25 04:00:00,2022-04-25 08:00:00,165.082,164.02682,164.02682,167.19237,0.1017,-105.5,-97.65,-97.69,1,stop_loss,OK,38.03296,0.70346,-0.70461,5.68468,,2022
GBPJPY,1,2022-04-26 00:00:00,2022-04-26 12:00:00,163.248,162.00501,162.00501,165.73398,0.0855,-124.3,-96.71,-96.74,3,stop_loss,OK,42.94904,0.82866,-2.31269,4.23272,,2022
GBPJPY,1,2022-04-27 04:00:00,2022-04-28 08:00:00,160.436,163.24457,159.03172,163.24457,0.0749,280.9,191.43,194.13,7,take_profit,OK,52.32174,0.93619,-4.10053,2.80052,,2022
GBPJPY,1,2022-04-28 08:00:00,2022-05-02 00:00:00,162.505,163.464,161.14252,165.22996,0.0788,95.9,68.77,72.57,10,time_exit,OK,48.33737,0.90832,-1.12016,2.08851,london,2022
GBPJPY,1,2022-05-02 00:00:00,2022-05-03 16:00:00,163.22,162.559,161.89064,165.87872,0.0813,-66.1,-48.9,-47.94,10,time_exit,OK,32.25378,0.88624,-0.19207,1.8455,,2022
GBPJPY,1,2022-05-06 04:00:00,2022-05-09 16:00:00,161.351,160.17318,160.17318,163.70664,0.0914,-117.8,-97.96,-94.66,9,stop_loss,OK,21.59341,0.78521,-1.78932,1.04428,,2022
GBPJPY,1,2022-05-09 16:00:00,2022-05-09 20:00:00,161.963,160.84774,160.84774,164.19352,0.0956,-111.5,-97.02,-97.05,1,stop_loss,OK,28.92107,0.74351,-0.42217,0.54771,new_york,2022
GBPJPY,1,2022-05-10 08:00:00,2022-05-10 12:00:00,161.326,160.07849,160.07849,163.82102,0.0846,-124.8,-96.04,-96.07,1,stop_loss,OK,27.49841,0.83167,-0.88951,0.27969,london,2022
GBPJPY,1,2022-05-10 20:00:00,2022-05-11 20:00:00,160.33,159.08657,159.08657,162.81687,0.084,-124.3,-95.05,-94.05,6,stop_loss,OK,25.61462,0.82896,-1.83813,0.09578,new_york,2022
GBPJPY,1,2022-06-13 00:00:00,2022-06-13 08:00:00,165.45,164.30998,164.30998,167.73004,0.0907,-114.0,-94.09,-94.12,2,stop_loss,OK,40.06032,0.76001,0.21662,3.67467,,2022
GBPJPY,1,2022-06-14 08:00:00,2022-06-14 12:00:00,163.897,162.56864,162.56864,166.55372,0.0771,-132.8,-93.2,-93.22,1,stop_loss,OK,37.51834,0.88557,-1.15673,2.62386,london,2022
GBPJPY,1,2022-06-15 00:00:00,2022-06-16 12:00:00,162.474,161.05683,161.05683,165.30833,0.0715,-141.7,-92.21,-89.63,9,stop_loss,OK,37.22457,0.94478,-2.16909,2.08338,,2022
GBPJPY,1,2022-06-16 16:00:00,2022-06-17 04:00:00,162.288,165.51642,160.67379,165.51642,0.0622,322.8,182.73,183.47,3,take_profit,OK,33.46098,1.07614,-1.49076,1.21303,new_york,2022
GBPJPY,1,2022-06-17 04:00:00,2022-06-20 20:00:00,164.188,165.439,162.56182,167.44036,0.063,125.1,71.72,73.99,10,time_exit,OK,31.00012,1.08412,0.30651,1.14455,,2022
GBPJPY,1,2022-06-24 04:00:00,2022-06-27 20:00:00,165.513,166.174,164.18325,168.1725,0.0776,66.1,46.68,49.48,10,time_exit,OK,20.05502,0.8865,0.20132,2.1009,,2022
GBPJPY,1,2022-07-01 12:00:00,2022-07-01 16:00:00,163.979,162.92551,162.92551,166.08598,0.0985,-105.3,-94.43,-94.46,1,stop_loss,OK,20.80419,0.70233,-2.11938,2.00182,london,2022
GBPJPY,1,2022-07-01 20:00:00,2022-07-05 12:00:00,162.951,162.597,161.67737,165.49826,0.0806,-35.4,-25.96,-22.08,10,time_exit,OK,27.10105,0.84909,-2.71009,1.43652,new_york,2022
GBPJPY,1,2022-07-06 00:00:00,2022-07-06 12:00:00,162.042,160.74344,160.74344,164.63913,0.0789,-129.9,-93.24,-93.26,3,stop_loss,OK,26.31248,0.86571,-2.46757,0.69196,,2022
GBPJPY,1,2022-07-06 12:00:00,2022-07-08 04:00:00,161.713,162.771,160.34551,164.44797,0.0742,105.8,71.44,75.02,10,time_exit,OK,29.73964,0.91166,-2.81518,0.38572,london,2022
GBPJPY,1,2022-07-22 08:00:00,2022-07-22 12:00:00,164.846,163.89096,163.89096,166.75607,0.1071,-95.5,-93.08,-93.11,1,stop_loss,OK,23.03532,0.63669,0.13021,1.04866,london,2022
GBPJPY,1,2022-07-25 04:00:00,2022-07-26 20:00:00,163.321,164.694,162.30871,165.34559,0.1,137.3,124.94,126.13,10,time_exit,OK,27.79574,0.67486,-1.83075,0.72373,,2022
GBPJPY,1,2022-07-29 16:00:00,2022-08-01 04:00:00,162.422,161.20967,161.20967,164.84667,0.0846,-121.2,-93.33,-90.28,3,stop_loss,OK,21.91201,0.80822,-2.28005,0.19033,new_york,2022
GBPJPY,1,2022-09-14 20:00:00,2022-09-16 00:00:00,165.303,164.23981,164.23981,167.42938,0.0956,-106.3,-92.49,-87.88,7,stop_loss,OK,32.18649,0.70879,0.43391,2.18576,new_york,2022
GBPJPY,1,2022-09-16 08:00:00,2022-09-16 12:00:00,164.276,163.34166,163.34166,166.14468,0.1077,-93.4,-91.57,-91.61,1,stop_loss,OK,22.71867,0.62289,-1.05739,2.20015,london,2022
GBPJPY,1,2022-09-16 16:00:00,2022-09-20 08:00:00,163.048,164.229,162.0083,165.1274,0.0959,118.1,103.06,107.69,10,time_exit,OK,26.03838,0.69313,-2.51288,1.78071,new_york,2022
GBPJPY,1,2022-09-20 08:00:00,2022-09-21 08:00:00,163.76,162.8896,162.8896,165.50079,0.1159,-87.0,-91.8,-90.43,6,stop_loss,OK,28.63331,0.58026,-0.9874,1.3678,london,2022
GBPJPY,1,2022-09-21 08:00:00,2022-09-21 12:00:00,163.736,162.89076,162.89076,165.42647,0.1181,-84.5,-90.84,-90.88,1,stop_loss,OK,22.81935,0.56349,-0.83344,1.16116,london,2022
GBPJPY,1,2022-09-21 16:00:00,2022-09-21 20:00:00,163.323,162.36129,162.36129,165.24641,0.1028,-96.2,-89.97,-90.0,1,stop_loss,OK,24.7093,0.64114,-1.24857,0.90184,new_york,2022
GBPJPY,1,2022-09-21 20:00:00,2022-09-22 00:00:00,163.378,162.43859,162.43859,165.25681,0.1042,-93.9,-89.08,-85.31,1,stop_loss,OK,25.55428,0.62627,-1.14064,0.87932,new_york,2022
GBPJPY,1,2022-09-22 08:00:00,2022-09-22 12:00:00,162.806,161.6739,161.6739,165.0702,0.0856,-113.2,-88.19,-88.21,1,stop_loss,OK,29.63959,0.75473,-1.45514,0.52515,london,2022
GBPJPY,1,2022-09-22 20:00:00,2022-09-23 12:00:00,160.355,158.58742,158.58742,163.89015,0.0543,-176.8,-87.34,-86.7,4,stop_loss,OK,35.48794,1.17838,-2.66195,0.06773,new_york,2022
GBPJPY,1,2022-10-24 00:00:00,2022-10-25 16:00:00,168.244,169.792,166.47809,171.77583,0.0538,154.8,75.79,76.42,10,time_exit,OK,28.51818,1.17728,0.07569,2.44756,,2022
GBPJPY,1,2022-11-03 08:00:00,2022-11-03 12:00:00,168.126,167.07513,167.07513,170.22773,0.0912,-105.1,-87.21,-87.24,1,stop_loss,OK,20.96114,0.70058,-1.64692,4.52884,london,2022
GBPJPY,1,2022-11-03 20:00:00,2022-11-07 12:00:00,165.771,168.24621,164.53339,168.24621,0.0767,247.5,172.76,176.46,10,take_profit,OK,29.88192,0.82507,-3.81519,3.40561,new_york,2022
GBPJPY,1,2022-11-07 12:00:00,2022-11-09 04:00:00,167.845,168.153,166.56602,170.40296,0.0757,30.8,21.22,23.03,10,time_exit,OK,37.51817,0.85265,-0.28094,2.29091,london,2022
GBPJPY,1,2022-11-09 08:00:00,2022-11-09 12:00:00,168.154,166.98087,166.98087,170.50025,0.0827,-117.3,-88.29,-88.31,1,stop_loss,OK,20.45534,0.78208,0.00733,2.29297,london,2022
GBPJPY,1,2022-11-09 16:00:00,2022-11-10 16:00:00,167.067,165.81484,165.81484,169.57132,0.0767,-125.2,-87.4,-84.63,6,stop_loss,OK,21.03133,0.83477,-1.18618,2.02739,new_york,2022
GBPJPY,1,2022-11-10 16:00:00,2022-11-10 20:00:00,166.818,165.67918,165.67918,169.09563,0.0836,-113.9,-86.64,-86.66,1,stop_loss,OK,22.3662,0.75921,-1.20206,1.78621,new_york,2022
GBPJPY,1,2022-11-11 04:00:00,2022-11-11 12:00:00,165.848,164.46273,164.46273,168.61854,0.068,-138.5,-85.72,-85.74,2,stop_loss,OK,24.54505,0.92351,-1.76309,1.22088,,2022
GBPJPY,1,2022-11-14 00:00:00,2022-11-15 16:00:00,164.134,165.633,162.71216,166.97769,0.0656,149.9,89.48,90.26,10,time_exit,OK,32.14379,0.9479,-2.86851,0.70901,,2022
GBPJPY,1,2022-11-15 16:00:00,2022-11-15 20:00:00,165.877,164.44915,164.44915,168.7327,0.066,-142.8,-85.76,-85.78,1,stop_loss,OK,23.55609,0.9519,-0.41809,0.14994,new_york,2022
GBPJPY,1,2022-11-16 04:00:00,2022-11-17 20:00:00,165.486,166.351,164.02216,168.41368,0.0638,86.5,50.22,52.52,10,time_exit,OK,21.4017,0.97589,-0.71357,0.0733,,2022
GBPJPY,1,2022-11-29 16:00:00,2022-12-01 04:00:00,166.134,165.06147,165.06147,168.27907,0.0876,-107.3,-85.5,-81.27,9,stop_loss,OK,20.84166,0.71502,-1.33702,0.7331,new_york,2022
GBPJPY,1,2022-12-01 12:00:00,2022-12-02 08:00:00,165.647,164.43338,164.43338,168.07424,0.0766,-121.4,-84.6,-83.69,5,stop_loss,OK,20.61719,0.80908,-1.29261,0.23738,london,2022
GBPJPY,1,2022-12-19 04:00:00,2022-12-20 04:00:00,165.719,164.58326,164.58326,167.99049,0.0811,-113.6,-83.82,-82.86,6,stop_loss,OK,20.94008,0.75716,-2.04857,0.61101,,2022
GBPJPY,1,2022-12-20 04:00:00,2022-12-20 08:00:00,166.829,165.72889,165.72889,169.02922,0.0829,-110.0,-82.99,-83.02,1,stop_loss,OK,22.77664,0.73341,-0.331,0.39859,,2022
GBPJPY,1,2023-02-24 00:00:00,2023-02-27 08:00:00,161.724,163.26878,160.95161,163.26878,0.1169,154.5,164.33,168.55,8,take_profit,OK,23.75595,0.51493,0.35098,1.74121,,2023
GBPJPY,1,2023-03-08 20:00:00,2023-03-10 08:00:00,162.322,164.05454,161.45573,164.05454,0.1063,173.3,167.59,172.72,9,take_profit,OK,21.11455,0.57751,-1.21583,2.10026,new_york,2023
GBPJPY,1,2023-03-10 08:00:00,2023-03-10 20:00:00,162.928,162.03121,162.03121,164.72157,0.1048,-89.7,-85.52,-85.56,3,stop_loss,OK,20.86294,0.59786,0.19417,1.59752,london,2023
GBPJPY,1,2023-03-13 20:00:00,2023-03-15 12:00:00,161.773,160.33781,160.33781,164.64337,0.0649,-143.5,-84.76,-83.21,10,stop_loss,OK,20.11114,0.95679,-0.92353,0.79247,new_york,2023
GBPJPY,1,2023-03-16 00:00:00,2023-03-16 16:00:00,160.781,158.98652,158.98652,164.36996,0.0514,-179.4,-83.93,-83.95,4,stop_loss,OK,20.0011,1.19632,-1.39922,0.4694,,2023
GBPJPY,1,2023-03-16 20:00:00,2023-03-20 08:00:00,161.587,159.62993,159.62993,165.50114,0.0466,-195.7,-82.99,-80.74,9,stop_loss,OK,21.99301,1.30471,-0.4504,0.21551,new_york,2023
GBPJPY,1,2023-04-06 00:00:00,2023-04-07 16:00:00,163.54,164.102,162.40777,165.80446,0.0798,56.2,40.81,41.75,10,time_exit,OK,22.92891,0.75482,0.11911,1.49227,,2023
GBPJPY,1,2023-04-21 16:00:00,2023-04-24 12:00:00,165.886,167.41293,165.12254,167.41293,0.1189,152.7,165.21,169.51,5,take_profit,OK,24.82309,0.50898,-0.76953,4.1104,new_york,2023
GBPJPY,1,2023-04-26 08:00:00,2023-04-28 00:00:00,165.97,167.349,165.16703,167.57594,0.1154,137.9,144.81,150.38,10,time_exit,OK,20.90181,0.53531,-1.06448,3.64346,london,2023
GBPJPY,1,2023-05-04 04:00:00,2023-05-04 16:00:00,169.195,168.17653,168.17653,171.23194,0.0926,-101.8,-85.82,-85.85,3,stop_loss,OK,25.04762,0.67898,0.25579,4.37936,,2023
GBPJPY,1,2023-05-04 16:00:00,2023-05-08 08:00:00,169.228,170.565,168.2519,171.18021,0.0957,133.7,116.44,121.05,10,time_exit,OK,23.16358,0.65074,0.29229,4.45646,new_york,2023
GBPJPY,1,2023-05-12 00:00:00,2023-05-15 08:00:00,168.132,169.86801,167.26399,169.86801,0.1091,173.6,172.35,176.29,8,take_profit,OK,23.65966,0.57867,-2.07969,4.17908,,2023
GBPJPY,1,2023-05-15 08:00:00,2023-05-17 00:00:00,169.595,170.354,168.79477,171.19545,0.1208,75.9,83.44,86.33,10,time_exit,OK,21.49749,0.53348,0.37753,3.95466,london,2023
GBPJPY,1,2023-06-06 16:00:00,2023-06-08 08:00:00,173.336,174.357,172.56742,174.87316,0.127,102.1,118.0,124.13,10,time_exit,OK,22.79641,0.51239,0.10643,5.02617,new_york,2023
GBPJPY,1,2023-07-07 16:00:00,2023-07-10 12:00:00,183.075,182.12355,182.12355,184.97791,0.104,-95.1,-90.05,-86.29,5,stop_loss,OK,21.57649,0.6343,0.21886,6.71128,new_york,2023
GBPJPY,1,2023-07-10 20:00:00,2023-07-12 04:00:00,181.742,180.71188,180.71188,183.80224,0.0951,-103.0,-89.15,-86.87,8,stop_loss,OK,28.86514,0.68675,-1.51948,5.63483,new_york,2023
GBPJPY,1,2023-07-13 00:00:00,2023-07-14 12:00:00,179.816,181.8366,178.8057,181.8366,0.0961,202.1,176.7,177.84,9,take_profit,OK,43.37076,0.67353,-3.12519,4.22688,,2023
GBPJPY,1,2023-07-14 12:00:00,2023-07-18 04:00:00,181.482,181.308,180.46357,183.51887,0.0972,-17.4,-15.39,-10.7,10,time_exit,OK,32.72633,0.67896,-0.26517,3.46588,london,2023
GBPJPY,1,2023-08-07 04:00:00,2023-08-08 00:00:00,180.645,182.63848,179.64826,182.63848,0.0992,199.3,179.95,181.13,5,take_profit,OK,20.71928,0.66449,-1.39246,1.44555,,2023
GBPJPY,1,2023-08-23 20:00:00,2023-08-25 12:00:00,183.969,184.153,183.07771,185.75158,0.1132,18.4,18.95,24.42,10,time_exit,OK,27.3734,0.59419,-1.70616,3.76018,new_york,2023
GBPJPY,1,2023-08-25 12:00:00,2023-08-29 04:00:00,183.761,184.91,182.95257,185.37786,0.1251,114.9,130.8,136.84,10,time_exit,OK,28.77759,0.53895,-1.69233,3.34194,london,2023
GBPJPY,1,2023-09-04 04:00:00,2023-09-05 16:00:00,184.102,185.6351,183.33545,185.6351,0.1339,153.3,186.81,188.39,9,take_profit,OK,20.50397,0.51103,-1.04961,2.44717,,2023
GBPJPY,1,2023-09-07 04:00:00,2023-09-07 08:00:00,184.639,183.90552,183.90552,186.10595,0.1428,-73.3,-95.31,-95.36,1,stop_loss,OK,20.60775,0.48898,-0.36395,2.38703,,2023
GBPJPY,1,2023-09-08 00:00:00,2023-09-11 04:00:00,183.675,182.91939,182.91939,185.18623,0.1372,-75.6,-94.34,-89.39,7,stop_loss,OK,30.77825,0.50374,-1.88518,1.9384,,2023
GBPJPY,1,2023-09-11 12:00:00,2023-09-13 04:00:00,183.214,184.16,182.36504,184.91192,0.121,94.6,104.16,107.06,10,time_exit,OK,37.84399,0.56597,-2.02499,1.22202,london,2023
GBPJPY,1,2023-09-13 04:00:00,2023-09-13 08:00:00,184.048,183.27187,183.27187,185.60027,0.1338,-77.6,-94.5,-94.54,1,stop_loss,OK,31.16038,0.51742,-0.0805,0.83862,,2023
GBPJPY,1,2023-09-13 08:00:00,2023-09-14 12:00:00,184.165,183.41131,183.41131,185.67239,0.1364,-75.4,-93.55,-88.63,7,stop_loss,OK,29.09582,0.50246,0.14408,0.85938,london,2023
GBPJPY,1,2023-09-15 00:00:00,2023-09-18 16:00:00,182.977,182.983,182.20612,184.51876,0.1321,0.6,0.72,5.49,10,time_exit,OK,29.24149,0.51392,-1.84675,0.55852,,2023
GBPJPY,1,2023-09-18 16:00:00,2023-09-20 08:00:00,182.899,183.166,182.17724,184.34252,0.1412,26.7,34.31,37.69,10,time_exit,OK,25.5176,0.48117,-1.62395,0.14874,new_york,2023
GBPJPY,1,2023-11-17 16:00:00,2023-11-20 12:00:00,185.864,185.07579,185.07579,187.44042,0.1298,-78.8,-93.1,-88.41,5,stop_loss,OK,22.93952,0.52547,-0.61171,3.89597,new_york,2023
GBPJPY,1,2023-11-20 20:00:00,2023-11-21 08:00:00,185.448,184.57838,184.57838,187.18724,0.1166,-87.0,-92.27,-90.89,3,stop_loss,OK,23.64201,0.57975,-1.13214,3.18856,new_york,2023
GBPJPY,1,2023-11-21 12:00:00,2023-11-22 08:00:00,185.175,186.93497,184.29502,186.93497,0.1141,176.0,182.74,184.09,5,take_profit,OK,27.32376,0.58666,-1.38039,2.87362,london,2023
GBPJPY,1,2023-12-04 20:00:00,2023-12-06 00:00:00,185.867,185.04506,185.04506,187.51089,0.1246,-82.2,-93.2,-90.21,7,stop_loss,OK,20.85399,0.54796,-1.6337,2.40044,new_york,2023
GBPJPY,1,2023-12-06 00:00:00,2023-12-07 00:00:00,185.286,184.5371,184.5371,186.78379,0.1354,-74.9,-92.27,-87.39,6,stop_loss,OK,29.33452,0.49926,-2.30651,2.05948,,2023
GBPJPY,1,2023-12-08 00:00:00,2023-12-11 12:00:00,181.401,183.98923,180.10689,183.98923,0.0776,258.8,182.77,185.57,9,take_profit,OK,45.57251,0.86274,-4.55227,0.17542,,2023
GBPJPY,1,2024-01-31 08:00:00,2024-01-31 16:00:00,187.27,186.58045,186.58045,188.6491,0.1486,-69.0,-93.25,-93.29,2,stop_loss,OK,20.41415,0.4597,-0.25856,4.35117,london,2024
GBPJPY,1,2024-01-31 16:00:00,2024-01-31 20:00:00,187.407,186.71294,186.71294,188.79512,0.1462,-69.4,-92.34,-92.39,1,stop_loss,OK,21.53405,0.46271,0.04369,4.22762,new_york,2024
GBPJPY,1,2024-02-01 00:00:00,2024-02-01 08:00:00,186.31,185.48365,185.48365,187.9627,0.1215,-82.6,-91.37,-91.4,2,stop_loss,OK,25.39858,0.5509,-1.55207,3.36771,,2024
GBPJPY,1,2024-02-01 20:00:00,2024-02-05 12:00:00,186.402,186.488,185.43776,188.33049,0.1031,8.6,8.07,13.04,10,time_exit,OK,31.90771,0.64283,-1.03108,2.47684,new_york,2024
GBPJPY,1,2024-02-05 12:00:00,2024-02-05 16:00:00,187.122,186.28288,186.28288,188.80023,0.1187,-83.9,-90.64,-90.68,1,stop_loss,OK,22.49831,0.55941,0.10096,2.5866,london,2024
GBPJPY,1,2024-03-01 00:00:00,2024-03-04 08:00:00,189.16,190.43442,188.52279,190.43442,0.1547,127.4,179.41,185.0,8,take_profit,OK,24.52083,0.42481,-1.66196,4.37273,,2024
GBPJPY,1,2024-03-07 20:00:00,2024-03-08 08:00:00,189.462,188.63933,188.63933,191.10734,0.1223,-82.3,-91.56,-90.11,3,stop_loss,OK,24.91157,0.54845,-1.12135,2.50509,new_york,2024
GBPJPY,1,2024-03-08 16:00:00,2024-03-11 12:00:00,189.053,188.17914,188.17914,190.80072,0.114,-87.4,-90.65,-86.54,5,stop_loss,OK,27.25381,0.58257,-1.49849,2.05164,new_york,2024
GBPJPY,1,2024-03-12 00:00:00,2024-03-13 16:00:00,188.263,189.025,187.43009,189.92883,0.1185,76.2,82.17,83.57,10,time_exit,OK,34.2944,0.55528,-2.25391,1.49264,,2024
GBPJPY,1,2024-03-13 16:00:00,2024-03-15 08:00:00,189.372,189.435,188.54446,191.02708,0.1203,6.3,6.9,12.7,10,time_exit,OK,23.60714,0.55169,0.14243,1.0431,new_york,2024
GBPJPY,1,2024-03-25 00:00:00,2024-03-26 16:00:00,190.626,191.364,189.75597,192.36605,0.1146,73.8,76.96,78.32,10,time_exit,OK,35.12732,0.58002,-0.14896,2.4378,,2024
GBPJPY,1,2024-03-29 20:00:00,2024-04-01 16:00:00,191.003,190.41843,190.41843,192.17214,0.1721,-58.5,-91.55,-85.34,5,stop_loss,OK,20.26891,0.38971,-0.09239,2.91755,new_york,2024
GBPJPY,1,2024-04-02 00:00:00,2024-04-03 16:00:00,190.33,191.46732,189.76134,191.46732,0.1752,113.7,181.33,183.4,10,take_profit,OK,21.1068,0.37911,-1.73838,2.70742,,2024
GBPJPY,1,2024-04-03 16:00:00,2024-04-03 20:00:00,190.919,191.91124,190.42288,191.91124,0.2049,99.2,185.01,184.95,1,take_profit,OK,23.03122,0.33075,0.16415,2.53621,new_york,2024
GBPJPY,1,2024-04-05 08:00:00,2024-04-08 16:00:00,190.919,192.11656,190.32022,192.11656,0.1732,119.8,188.75,195.0,8,take_profit,OK,25.7601,0.39919,-0.50067,2.35151,london,2024
GBPJPY,1,2024-04-12 20:00:00,2024-04-15 12:00:00,190.597,192.27066,189.76017,192.27066,0.1265,167.4,192.66,197.23,4,take_profit,OK,23.53351,0.55789,-1.94424,1.8186,new_york,2024
GBPJPY,1,2024-04-22 04:00:00,2024-04-22 16:00:00,191.368,190.37573,190.37573,193.35254,0.1089,-99.2,-98.33,-98.37,3,stop_loss,OK,22.29696,0.66151,-0.8787,1.36174,,2024
GBPJPY,1,2024-04-22 20:00:00,2024-04-24 12:00:00,191.129,192.784,190.11701,193.15297,0.1057,165.5,159.19,161.72,10,time_exit,OK,28.36089,0.67466,-1.03852,1.15206,new_york,2024
GBPJPY,1,2024-05-02 04:00:00,2024-05-02 12:00:00,195.452,193.49986,193.49986,199.35628,0.0557,-195.2,-98.95,-98.97,2,stop_loss,OK,47.11319,1.30143,0.36257,1.90805,,2024
GBPJPY,1,2024-05-03 00:00:00,2024-05-06 16:00:00,192.51,193.361,190.64098,196.24804,0.0576,85.1,44.61,46.69,10,time_exit,OK,46.24137,1.24601,-1.70828,1.74113,,2024
GBPJPY,1,2024-05-06 20:00:00,2024-05-08 12:00:00,193.361,194.201,192.022,196.03901,0.0808,84.0,61.76,63.7,10,time_exit,OK,39.44459,0.89267,-0.66695,1.57752,new_york,2024
GBPJPY,1,2024-05-08 12:00:00,2024-05-10 04:00:00,193.904,194.826,192.90326,195.90548,0.1088,92.2,91.29,96.54,10,time_exit,OK,23.53884,0.66716,0.07162,1.80304,london,2024
GBPJPY,1,2024-05-16 08:00:00,2024-05-17 04:00:00,195.307,197.06915,194.42592,197.06915,0.1247,176.2,199.96,201.44,5,take_profit,OK,20.21239,0.58738,0.00897,3.03483,london,2024
GBPJPY,1,2024-06-03 16:00:00,2024-06-04 08:00:00,199.597,198.81113,198.81113,201.16875,0.1427,-78.6,-102.05,-100.36,4,stop_loss,OK,29.69246,0.52392,0.10618,5.6276,new_york,2024
GBPJPY,1,2024-06-05 04:00:00,2024-06-06 20:00:00,198.31,199.047,197.31466,200.30069,0.1115,73.7,74.78,78.81,10,time_exit,OK,33.66058,0.66356,-1.54748,3.82617,,2024
GBPJPY,1,2024-06-07 04:00:00,2024-06-10 20:00:00,199.208,199.908,198.30478,201.01445,0.1239,70.0,78.92,83.4,10,time_exit,OK,21.28342,0.60215,-0.22378,3.75144,,2024
GBPJPY,1,2024-07-12 00:00:00,2024-07-15 16:00:00,205.054,204.674,204.11035,206.9413,0.1195,-38.0,-41.32,-37.01,10,time_exit,OK,34.44265,0.6291,-0.7463,5.36955,,2024
GBPJPY,1,2024-07-15 16:00:00,2024-07-17 08:00:00,204.991,203.94375,203.94375,207.08549,0.1073,-104.7,-102.26,-99.68,10,stop_loss,OK,37.15918,0.69816,-0.75866,4.23873,new_york,2024
GBPJPY,1,2024-07-17 16:00:00,2024-07-18 00:00:00,204.04,202.99354,202.99354,206.13292,0.1063,-104.6,-101.23,-97.39,2,stop_loss,OK,36.40716,0.69764,-1.85158,3.56785,new_york,2024
GBPJPY,1,2024-07-18 08:00:00,2024-07-22 00:00:00,203.273,203.53,202.12929,205.56041,0.0964,25.7,22.55,27.2,10,time_exit,OK,41.72643,0.76247,-2.25997,2.81103,london,2024
GBPJPY,1,2024-07-22 00:00:00,2024-07-22 08:00:00,203.266,202.25222,202.25222,205.29356,0.109,-101.4,-100.56,-100.59,2,stop_loss,OK,40.36129,0.67585,-1.63827,2.33609,,2024
GBPJPY,1,2024-07-22 20:00:00,2024-07-23 08:00:00,202.909,201.8921,201.8921,204.94281,0.1076,-101.7,-99.57,-98.3,3,stop_loss,OK,42.1433,0.67794,-1.93069,1.92187,new_york,2024
GBPJPY,1,2024-07-24 04:00:00,2024-07-24 08:00:00,200.971,199.98012,199.98012,202.95276,0.1093,-99.1,-98.56,-98.59,1,stop_loss,OK,51.61514,0.66059,-3.8475,1.04591,,2024
GBPJPY,1,2024-07-24 12:00:00,2024-07-24 16:00:00,199.721,198.59074,198.59074,201.98152,0.0949,-113.0,-97.61,-97.64,1,stop_loss,OK,55.50801,0.75351,-4.62163,0.59421,london,2024
GBPJPY,1,2024-07-25 00:00:00,2024-07-25 04:00:00,198.564,197.3896,197.3896,200.91281,0.0904,-117.4,-96.61,-96.64,1,stop_loss,OK,61.10359,0.78294,-5.18531,0.06555,,2024
GBPJPY,1,2024-09-30 04:00:00,2024-10-01 20:00:00,190.954,190.709,189.26107,194.33985,0.0621,-24.5,-13.85,-13.11,10,time_exit,OK,30.91577,1.12862,-0.18611,0.55107,,2024
GBPJPY,1,2024-10-02 00:00:00,2024-10-02 20:00:00,190.72,194.18981,188.98509,194.18981,0.0605,347.0,191.03,191.01,5,take_profit,OK,21.15847,1.1566,-0.50971,0.5662,,2024
GBPJPY,1,2024-11-01 00:00:00,2024-11-04 16:00:00,196.091,196.951,194.72653,198.81994,0.0785,86.0,61.43,64.27,10,time_exit,OK,22.95742,0.90965,-1.61651,3.08438,,2024
GBPJPY,1,2024-11-11 00:00:00,2024-11-12 16:00:00,197.08,197.094,195.98477,199.27047,0.0984,1.4,1.25,2.42,10,time_exit,OK,20.40577,0.73016,-0.94872,2.97716,,2024
GBPJPY,1,2024-11-18 04:00:00,2024-11-19 08:00:00,195.343,194.08475,194.08475,197.8595,0.0857,-125.8,-98.13,-97.11,7,stop_loss,OK,22.14,0.83883,-2.42125,1.47697,,2024
GBPJPY,1,2024-11-19 08:00:00,2024-11-19 12:00:00,195.643,194.50489,194.50489,197.91923,0.0938,-113.8,-97.15,-97.18,1,stop_loss,OK,22.79094,0.75874,-1.71498,1.11715,london,2024
GBPJPY,1,2024-11-19 20:00:00,2024-11-21 08:00:00,196.054,194.57152,194.57152,199.01896,0.0713,-148.2,-96.19,-92.75,9,stop_loss,OK,25.67731,0.98832,-0.65219,0.64628,new_york,2024
GBPJPY,1,2024-11-22 08:00:00,2024-11-22 12:00:00,194.442,193.21585,193.21585,196.89431,0.0853,-122.6,-95.18,-95.2,1,stop_loss,OK,24.90284,0.81744,-2.20622,0.27128,london,2024
