symbol,direction,entry_dt,exit_dt,entry,exit,stop_loss,take_profit,size,pnl_pips,pnl_gross,pnl,bars_held,exit_reason,adx_entry,atr_entry,ema_distance,trend_gap,session,year
USDJPY,1,2019-02-20 00:00:00,2019-02-21 16:00:00,110.621,110.802,110.34976,111.16347,0.4051,18.1,66.72,66.5,10,time_exit,18.53032,0.18082,1.08682,3.48122,tokyo,2019
USDJPY,-1,2019-02-22 20:00:00,2019-02-25 16:00:00,110.58,110.86647,110.86647,110.00707,0.3862,-28.6,-100.68,-100.9,5,stop_loss,11.78134,0.19098,0.0517,3.3647,new_york,2019
USDJPY,-1,2019-02-26 12:00:00,2019-02-28 04:00:00,110.837,110.808,111.12189,110.26723,0.3844,2.9,10.14,9.92,10,time_exit,17.92363,0.18992,0.94469,3.39273,london,2019
USDJPY,-1,2019-02-28 04:00:00,2019-02-28 16:00:00,110.892,111.19193,111.19193,110.29215,0.3655,-30.0,-99.76,-99.98,3,stop_loss,14.88266,0.19995,1.06482,2.99678,tokyo,2019
USDJPY,1,2019-03-18 12:00:00,2019-03-19 04:00:00,111.527,111.23971,111.23971,112.10158,0.3777,-28.7,-98.74,-98.97,4,stop_loss,16.74513,0.19153,0.37402,3.25978,london,2019
USDJPY,-1,2019-03-21 20:00:00,2019-03-22 16:00:00,110.781,110.0147,111.16415,110.0147,0.2804,76.6,195.53,195.31,5,take_profit,25.84743,0.25543,-1.92024,1.48202,new_york,2019
USDJPY,-1,2019-03-25 04:00:00,2019-03-25 12:00:00,109.812,110.23618,110.23618,108.96364,0.2583,-42.4,-99.71,-99.93,2,stop_loss,34.21089,0.28279,-4.22862,0.56051,tokyo,2019
USDJPY,-1,2019-03-25 16:00:00,2019-03-26 12:00:00,110.067,110.49027,110.49027,109.22046,0.2563,-42.3,-98.72,-98.95,5,stop_loss,37.3817,0.28218,-2.95326,0.26131,new_york,2019
USDJPY,-1,2019-03-28 12:00:00,2019-03-28 16:00:00,110.286,110.69118,110.69118,109.47564,0.2651,-40.5,-97.75,-97.97,1,stop_loss,24.54449,0.27012,-1.27752,-0.44468,london,2019
USDJPY,-1,2019-04-01 16:00:00,2019-04-01 20:00:00,110.94,111.31606,111.31606,110.18788,0.2827,-37.6,-96.74,-96.97,1,stop_loss,20.89233,0.25071,0.89222,-0.17537,new_york,2019
USDJPY,1,2019-04-02 16:00:00,2019-04-04 08:00:00,111.373,111.414,111.03325,112.05251,0.3098,4.1,11.56,11.33,10,time_exit,25.64345,0.2265,2.27194,0.26999,new_york,2019
USDJPY,1,2019-04-15 12:00:00,2019-04-17 04:00:00,111.96,111.967,111.71734,112.44532,0.4343,0.7,2.77,2.54,10,time_exit,34.46231,0.16177,3.12225,2.313,london,2019
USDJPY,1,2019-04-18 16:00:00,2019-04-22 08:00:00,111.968,111.924,111.7567,112.3906,0.4988,-4.4,-19.97,-20.2,10,time_exit,27.92366,0.14087,1.6408,3.54425,new_york,2019
USDJPY,-1,2019-04-24 12:00:00,2019-04-24 20:00:00,111.831,112.02438,112.02438,111.44424,0.5439,-19.3,-95.71,-95.94,2,stop_loss,20.24857,0.12892,0.00421,3.54306,london,2019
USDJPY,-1,2019-04-25 12:00:00,2019-04-29 04:00:00,111.867,111.608,112.13579,111.32943,0.3874,25.9,91.31,91.08,10,time_exit,18.46784,0.17919,0.01847,2.5356,london,2019
USDJPY,1,2019-05-01 04:00:00,2019-05-01 16:00:00,111.397,111.14017,111.14017,111.91067,0.4093,-25.7,-95.66,-95.89,3,stop_loss,17.86051,0.17122,-1.72403,1.44573,tokyo,2019
USDJPY,1,2019-05-01 16:00:00,2019-05-01 20:00:00,111.415,111.16825,111.16825,111.90849,0.4218,-24.7,-94.71,-94.94,1,stop_loss,18.46478,0.1645,-1.50654,1.33282,new_york,2019
USDJPY,1,2019-05-02 16:00:00,2019-05-03 16:00:00,111.516,111.23128,111.23128,112.08544,0.3619,-28.5,-93.77,-93.99,6,stop_loss,16.3401,0.18981,-0.53971,0.91565,new_york,2019
USDJPY,1,2019-05-09 12:00:00,2019-05-13 04:00:00,109.704,109.777,109.33434,110.44333,0.2759,7.3,18.33,18.1,10,time_exit,46.8081,0.24644,-4.6071,-1.60396,london,2019
USDJPY,-1,2019-05-14 12:00:00,2019-05-16 04:00:00,109.668,109.464,110.08963,108.82473,0.2424,20.4,45.0,44.77,10,time_exit,39.82355,0.28109,-1.92752,-2.70482,london,2019
USDJPY,-1,2019-05-16 12:00:00,2019-05-16 16:00:00,109.553,109.94553,109.94553,108.76794,0.2616,-39.3,-93.44,-93.67,1,stop_loss,28.6388,0.26169,-1.49884,-3.29245,london,2019
USDJPY,1,2019-05-21 16:00:00,2019-05-23 00:00:00,110.546,110.181,110.181,111.276,0.2785,-36.5,-92.5,-92.73,8,stop_loss,15.75012,0.24333,2.29698,-2.79534,new_york,2019
USDJPY,1,2019-05-23 04:00:00,2019-05-23 16:00:00,110.212,109.89709,109.89709,110.84182,0.3196,-31.5,-91.59,-91.81,3,stop_loss,15.57793,0.20994,0.48099,-2.53909,tokyo,2019
USDJPY,-1,2019-05-27 08:00:00,2019-05-29 00:00:00,109.483,109.275,109.81652,108.81597,0.2987,20.8,56.54,56.31,10,time_exit,23.25463,0.22234,-1.93215,-2.74363,tokyo,2019
USDJPY,-1,2019-05-31 20:00:00,2019-06-04 12:00:00,108.521,108.202,108.89261,107.77778,0.2698,31.9,78.32,78.09,10,time_exit,21.20781,0.24774,-4.05796,-2.9151,new_york,2019
USDJPY,-1,2019-06-05 00:00:00,2019-06-06 16:00:00,108.141,108.197,108.54199,107.33903,0.2522,-5.6,-12.85,-13.08,10,time_exit,32.84496,0.26732,-3.09308,-3.81967,tokyo,2019
USDJPY,1,2019-06-11 16:00:00,2019-06-12 08:00:00,108.687,108.33656,108.33656,109.38788,0.2881,-35.0,-91.87,-92.1,4,stop_loss,13.78657,0.23363,0.41475,-4.31336,new_york,2019
USDJPY,1,2019-06-12 12:00:00,2019-06-14 04:00:00,108.241,108.342,107.91736,108.88828,0.3088,10.1,28.38,28.15,10,time_exit,11.87143,0.21576,-1.49443,-4.53368,london,2019
USDJPY,-1,2019-06-20 16:00:00,2019-06-24 08:00:00,107.679,107.37,108.06251,106.91197,0.2614,30.9,73.5,73.28,10,time_exit,19.90306,0.25568,-2.62528,-3.20903,new_york,2019
USDJPY,1,2019-06-25 12:00:00,2019-06-26 20:00:00,107.067,107.83933,106.68084,107.83933,0.2617,77.2,183.93,183.7,8,take_profit,27.92609,0.25744,-2.95904,-4.07929,london,2019
USDJPY,1,2019-06-27 04:00:00,2019-06-28 20:00:00,107.674,107.922,107.31412,108.39375,0.2865,24.8,64.66,64.43,10,time_exit,22.57588,0.23992,-0.16106,-4.29768,tokyo,2019
USDJPY,1,2019-07-03 08:00:00,2019-07-05 00:00:00,107.63,107.858,107.29131,108.30739,0.3065,22.8,63.59,63.37,10,time_exit,26.26673,0.2258,-1.23742,-2.97914,tokyo,2019
USDJPY,-1,2019-07-05 00:00:00,2019-07-05 08:00:00,107.812,108.05513,108.05513,107.32574,0.4298,-24.3,-95.09,-95.32,2,stop_loss,17.83691,0.16209,-0.34357,-3.92854,tokyo,2019
USDJPY,-1,2019-07-11 04:00:00,2019-07-11 16:00:00,108.131,108.44855,108.44855,107.49589,0.3258,-31.8,-94.15,-94.38,3,stop_loss,31.44772,0.2117,-0.90224,-0.92661,tokyo,2019
USDJPY,1,2019-07-16 00:00:00,2019-07-17 16:00:00,107.91,108.092,107.60885,108.51231,0.3401,18.2,56.33,56.1,10,time_exit,19.10937,0.20077,-1.48635,-1.23791,tokyo,2019
USDJPY,1,2019-07-29 04:00:00,2019-07-30 20:00:00,108.466,108.599,108.19129,109.01542,0.375,13.3,45.39,45.16,10,time_exit,22.68929,0.18314,1.28442,-0.4644,tokyo,2019
USDJPY,-1,2019-07-30 20:00:00,2019-07-31 20:00:00,108.623,108.89597,108.89597,108.07705,0.3792,-27.3,-94.2,-94.42,6,stop_loss,20.96913,0.18198,1.36094,0.13698,new_york,2019
USDJPY,1,2019-08-01 20:00:00,2019-08-02 00:00:00,108.136,107.75445,107.75445,108.8991,0.2686,-38.2,-93.26,-93.49,1,stop_loss,22.07228,0.25437,-1.45426,0.45249,new_york,2019
USDJPY,-1,2019-08-08 08:00:00,2019-08-12 00:00:00,106.153,105.41,106.7522,104.95461,0.1693,74.3,114.47,114.24,10,time_exit,27.26315,0.39946,-2.21845,-2.16916,tokyo,2019
USDJPY,-1,2019-08-12 12:00:00,2019-08-13 16:00:00,105.28,105.77573,105.77573,104.28853,0.2072,-49.6,-93.47,-93.7,7,stop_loss,35.30764,0.33049,-3.75118,-3.42012,london,2019
USDJPY,-1,2019-08-15 00:00:00,2019-08-15 08:00:00,105.907,106.53382,106.53382,104.65336,0.1622,-62.7,-92.52,-92.75,2,stop_loss,27.84055,0.41788,-0.7697,-2.78426,tokyo,2019
USDJPY,1,2019-08-15 08:00:00,2019-08-19 00:00:00,105.904,106.358,105.31551,107.08097,0.1711,45.4,70.69,70.46,10,time_exit,24.79124,0.39232,-0.77874,-2.95067,tokyo,2019
USDJPY,1,2019-08-19 12:00:00,2019-08-21 04:00:00,106.584,106.465,106.08582,107.58036,0.2036,-11.9,-22.05,-22.28,10,time_exit,20.09683,0.33212,1.04017,-2.99639,london,2019
USDJPY,-1,2019-08-21 04:00:00,2019-08-22 20:00:00,106.327,106.446,106.7112,105.5586,0.2634,-11.9,-28.52,-28.75,10,time_exit,16.46083,0.25613,0.09115,-3.3362,tokyo,2019
USDJPY,-1,2019-08-23 00:00:00,2019-08-23 16:00:00,106.428,105.74946,106.76727,105.74946,0.2973,67.9,183.57,183.35,4,take_profit,11.14431,0.22618,0.32917,-3.17584,tokyo,2019
USDJPY,1,2019-08-27 04:00:00,2019-08-28 20:00:00,105.842,106.112,105.24599,107.03401,0.1726,27.0,42.41,42.18,10,time_exit,18.10597,0.39734,-0.90408,-1.89261,tokyo,2019
USDJPY,1,2019-08-29 08:00:00,2019-09-02 00:00:00,105.916,106.107,105.47217,106.80366,0.2329,19.1,40.48,40.25,10,time_exit,12.52492,0.29589,-0.49485,-2.55608,tokyo,2019
USDJPY,-1,2019-09-02 04:00:00,2019-09-03 20:00:00,106.107,105.94,106.52055,105.27989,0.251,16.7,38.14,37.92,10,time_exit,14.85912,0.2757,-0.19257,-2.20931,tokyo,2019
USDJPY,1,2019-09-04 04:00:00,2019-09-05 04:00:00,105.905,106.67397,105.52052,106.67397,0.271,76.9,189.64,189.41,6,take_profit,14.76835,0.25632,-0.95018,-2.14466,tokyo,2019
USDJPY,1,2019-09-11 12:00:00,2019-09-13 04:00:00,107.755,108.134,107.42559,108.41383,0.3227,37.9,111.3,111.07,10,time_exit,32.47704,0.21961,4.13934,0.29487,london,2019
USDJPY,-1,2019-09-13 16:00:00,2019-09-17 08:00:00,108.122,108.156,108.45817,107.44965,0.3198,-3.4,-9.89,-10.12,10,time_exit,30.9189,0.22412,3.6212,1.70945,new_york,2019
USDJPY,1,2019-09-19 12:00:00,2019-09-20 20:00:00,107.998,107.65866,107.65866,108.67669,0.3165,-33.9,-97.74,-97.96,8,stop_loss,19.07329,0.22623,0.91112,2.75985,london,2019
USDJPY,1,2019-09-30 12:00:00,2019-10-02 04:00:00,107.9,107.831,107.55713,108.58573,0.3101,-6.9,-19.47,-19.7,10,time_exit,18.74013,0.22858,0.74273,1.66857,london,2019
USDJPY,-1,2019-10-03 00:00:00,2019-10-04 16:00:00,107.178,106.868,107.56129,106.41141,0.2768,31.0,78.09,77.86,10,time_exit,19.84017,0.25553,-2.254,1.33668,tokyo,2019
USDJPY,1,2019-10-11 16:00:00,2019-10-15 08:00:00,108.4,108.341,107.97924,109.24153,0.2542,-5.9,-13.65,-13.88,10,time_exit,24.82675,0.28051,3.25103,0.39851,new_york,2019
USDJPY,1,2019-10-17 12:00:00,2019-10-17 16:00:00,108.819,108.50621,108.50621,109.44457,0.3415,-31.3,-97.2,-97.43,1,stop_loss,32.79592,0.20852,3.24156,2.52975,london,2019
USDJPY,-1,2019-10-18 04:00:00,2019-10-21 20:00:00,108.67,108.604,108.98754,108.03493,0.333,6.6,20.0,19.77,10,time_exit,27.80827,0.21169,2.13752,2.64917,tokyo,2019
USDJPY,-1,2019-10-22 12:00:00,2019-10-24 04:00:00,108.558,108.599,108.81762,108.03877,0.4081,-4.1,-15.23,-15.45,10,time_exit,14.29429,0.17308,1.10674,3.41762,london,2019
USDJPY,-1,2019-10-29 16:00:00,2019-10-30 20:00:00,108.904,109.11165,109.11165,108.4887,0.5095,-20.8,-96.28,-96.5,7,stop_loss,17.35528,0.13843,1.99398,4.39232,new_york,2019
USDJPY,-1,2019-10-30 20:00:00,2019-10-31 12:00:00,108.879,108.48086,109.07807,108.48086,0.5261,39.8,190.61,190.38,4,take_profit,12.7525,0.13271,1.44146,4.5973,new_york,2019
USDJPY,1,2019-11-01 00:00:00,2019-11-04 16:00:00,108.031,108.588,107.73513,108.62274,0.361,55.7,182.98,182.75,10,time_exit,19.72992,0.19725,-3.02575,2.63953,tokyo,2019
USDJPY,-1,2019-11-04 16:00:00,2019-11-05 00:00:00,108.45,108.71463,108.71463,107.92073,0.4112,-26.5,-99.02,-99.25,2,stop_loss,17.82289,0.17642,-0.17731,2.10643,new_york,2019
USDJPY,-1,2019-11-11 20:00:00,2019-11-12 08:00:00,109.022,109.28787,109.28787,108.49026,0.4052,-26.6,-98.03,-98.26,3,stop_loss,23.00686,0.17725,0.69439,3.05093,new_york,2019
USDJPY,1,2019-11-14 00:00:00,2019-11-14 16:00:00,108.819,108.54724,108.54724,109.36252,0.3925,-27.2,-97.07,-97.29,4,stop_loss,17.22346,0.18117,-0.69832,2.7688,tokyo,2019
USDJPY,1,2019-11-21 16:00:00,2019-11-25 08:00:00,108.553,108.857,108.22986,109.19929,0.3268,30.4,90.41,90.18,10,time_exit,22.19659,0.21543,-0.61278,0.91097,new_york,2019
USDJPY,1,2019-11-27 04:00:00,2019-11-27 20:00:00,109.128,109.59652,108.89374,109.59652,0.455,46.9,193.99,193.76,4,take_profit,28.38499,0.15617,2.14407,1.51801,tokyo,2019
USDJPY,-1,2019-12-02 04:00:00,2019-12-02 16:00:00,109.689,109.27275,109.89712,109.27275,0.5223,41.6,197.84,197.61,3,take_profit,45.47177,0.13875,3.95789,3.14191,tokyo,2019
USDJPY,1,2019-12-03 20:00:00,2019-12-05 12:00:00,108.531,108.874,108.24099,109.11101,0.3823,34.3,119.33,119.1,10,time_exit,35.49641,0.19334,-3.08754,1.97914,new_york,2019
USDJPY,1,2019-12-06 04:00:00,2019-12-09 08:00:00,108.716,108.43516,108.43516,109.27768,0.3995,-28.1,-102.1,-102.33,7,stop_loss,23.91867,0.18723,-1.35397,1.19618,tokyo,2019
USDJPY,-1,2019-12-18 20:00:00,2019-12-20 12:00:00,109.606,109.309,109.82725,109.16349,0.502,29.7,135.68,135.45,10,time_exit,15.18237,0.1475,2.59141,2.26217,new_york,2019
USDJPY,-1,2019-12-20 16:00:00,2019-12-20 20:00:00,109.309,109.5089,109.5089,108.9092,0.5631,-20.0,-102.43,-102.66,1,stop_loss,15.62408,0.13327,0.16646,2.57042,new_york,2019
USDJPY,1,2019-12-23 04:00:00,2019-12-24 20:00:00,109.419,109.363,109.21559,109.82583,0.5478,-5.6,-27.92,-28.14,10,time_exit,13.85335,0.13561,0.827,2.56025,tokyo,2019
USDJPY,-1,2019-12-30 12:00:00,2019-12-30 16:00:00,109.124,108.78365,109.29418,108.78365,0.653,34.0,202.25,202.02,1,take_profit,14.52505,0.11345,-2.32601,2.81047,london,2019
USDJPY,1,2019-12-30 16:00:00,2019-12-30 20:00:00,109.168,108.99701,108.99701,109.50997,0.6629,-17.1,-103.15,-103.37,1,stop_loss,15.49416,0.11399,-1.84494,2.71315,new_york,2019
USDJPY,1,2020-01-06 04:00:00,2020-01-07 16:00:00,107.949,108.60615,107.62043,108.60615,0.3415,65.7,204.22,203.99,9,take_profit,42.24609,0.21905,-4.03242,-0.56221,tokyo,2020
USDJPY,-1,2020-01-16 20:00:00,2020-01-20 12:00:00,110.148,110.185,110.38499,109.67403,0.4829,-3.7,-16.26,-16.49,10,time_exit,28.2845,0.15799,3.72877,2.6064,new_york,2020
USDJPY,1,2020-01-21 20:00:00,2020-01-23 00:00:00,109.92,109.71616,109.71616,110.32769,0.5605,-20.4,-103.97,-104.2,7,stop_loss,27.47354,0.1359,0.60097,3.90811,new_york,2020
USDJPY,-1,2020-01-24 12:00:00,2020-01-27 00:00:00,109.57,109.11984,109.79508,109.11984,0.5026,45.0,205.89,205.66,3,take_profit,34.48589,0.15005,-1.24577,2.61935,london,2020
USDJPY,1,2020-01-27 12:00:00,2020-01-29 04:00:00,108.894,109.127,108.59711,109.48779,0.3886,23.3,82.39,82.17,10,time_exit,41.70105,0.19793,-3.71781,1.40017,london,2020
USDJPY,-1,2020-01-29 16:00:00,2020-01-31 08:00:00,109.148,108.968,109.43773,108.56854,0.4013,18.0,65.73,65.51,10,time_exit,46.06621,0.19315,-1.29096,0.42206,new_york,2020
USDJPY,1,2020-02-07 04:00:00,2020-02-07 16:00:00,109.915,109.62454,109.62454,110.49592,0.4028,-29.0,-106.47,-106.7,3,stop_loss,39.53263,0.19364,2.82759,0.43122,tokyo,2020
USDJPY,1,2020-02-10 12:00:00,2020-02-12 04:00:00,109.726,109.858,109.43495,110.3081,0.398,13.2,47.81,47.58,10,time_exit,27.59008,0.19403,1.25848,0.82031,london,2020
USDJPY,1,2020-02-19 08:00:00,2020-02-19 12:00:00,110.052,110.43586,109.86007,110.43586,0.6062,38.4,211.75,211.52,1,take_profit,13.63967,0.12795,2.14494,2.1818,tokyo,2020
USDJPY,-1,2020-02-21 12:00:00,2020-02-24 16:00:00,111.701,110.87064,112.11618,110.87064,0.2858,83.0,215.96,215.73,7,take_profit,45.44518,0.27679,4.27659,2.77418,london,2020
USDJPY,1,2020-02-25 16:00:00,2020-02-25 20:00:00,110.603,110.07012,110.07012,111.66877,0.2272,-53.3,-110.17,-110.4,1,stop_loss,33.13642,0.35526,-0.3815,2.31864,new_york,2020
USDJPY,-1,2020-02-25 20:00:00,2020-02-26 12:00:00,110.024,110.58461,110.58461,108.90279,0.2138,-56.1,-109.07,-109.3,4,stop_loss,34.16597,0.37374,-1.82916,2.12634,new_york,2020
USDJPY,-1,2020-02-27 04:00:00,2020-02-28 04:00:00,110.34,109.26643,110.87679,109.26643,0.221,107.4,215.91,215.68,6,take_profit,31.66246,0.35786,-0.75979,1.85442,tokyo,2020
USDJPY,1,2020-03-04 00:00:00,2020-03-05 16:00:00,107.084,106.26545,106.26545,108.7211,0.1478,-81.9,-110.09,-110.32,10,stop_loss,39.52484,0.5457,-3.83091,-0.78097,tokyo,2020
USDJPY,-1,2020-03-11 08:00:00,2020-03-12 20:00:00,104.437,105.91707,105.91707,101.47687,0.0809,-148.0,-108.96,-109.19,9,stop_loss,40.69835,0.98671,-1.66862,-2.37349,tokyo,2020
USDJPY,1,2020-03-18 16:00:00,2020-03-19 20:00:00,107.643,110.32671,106.30114,110.32671,0.0884,268.4,215.89,215.66,7,take_profit,17.21529,0.89457,1.47772,-1.65617,new_york,2020
USDJPY,1,2020-03-20 00:00:00,2020-03-20 08:00:00,110.707,109.34585,109.34585,113.42929,0.0889,-136.1,-110.12,-110.34,2,stop_loss,27.37689,0.90743,3.92798,-0.85353,tokyo,2020
USDJPY,1,2020-03-25 00:00:00,2020-03-26 12:00:00,111.223,109.9915,109.9915,113.686,0.0972,-123.2,-108.93,-109.16,9,stop_loss,26.64105,0.821,2.73485,0.7334,tokyo,2020
USDJPY,-1,2020-04-01 20:00:00,2020-04-02 16:00:00,107.083,107.98243,107.98243,105.28415,0.1318,-89.9,-107.88,-108.1,5,stop_loss,30.38801,0.59962,-2.49346,0.144,new_york,2020
USDJPY,-1,2020-04-03 12:00:00,2020-04-06 00:00:00,108.264,109.02575,109.02575,106.7405,0.1541,-76.2,-106.82,-107.05,3,stop_loss,23.16638,0.50783,-0.05568,-0.24116,london,2020
USDJPY,1,2020-04-07 16:00:00,2020-04-09 08:00:00,108.997,108.892,108.36337,110.26426,0.1834,-10.5,-17.52,-17.75,10,time_exit,24.94819,0.42242,1.08053,0.1603,new_york,2020
USDJPY,-1,2020-04-13 00:00:00,2020-04-13 20:00:00,108.354,107.55222,108.75489,107.55222,0.2893,80.2,211.08,210.85,5,take_profit,19.27458,0.26726,-0.88893,0.32304,tokyo,2020
USDJPY,1,2020-04-15 08:00:00,2020-04-16 04:00:00,107.076,107.89364,106.66718,107.89364,0.2894,81.8,215.33,215.1,5,take_profit,44.09249,0.27255,-3.88174,-0.91877,tokyo,2020
USDJPY,-1,2020-04-16 08:00:00,2020-04-20 00:00:00,107.927,107.86,108.41705,106.9469,0.2462,6.7,15.01,14.78,10,time_exit,34.35105,0.3267,-0.27836,-0.98319,tokyo,2020
USDJPY,1,2020-04-22 04:00:00,2020-04-23 12:00:00,107.824,107.39909,107.39909,108.67382,0.2844,-42.5,-109.97,-110.2,8,stop_loss,19.74038,0.28327,0.03677,-1.37293,tokyo,2020
USDJPY,1,2020-04-23 20:00:00,2020-04-27 08:00:00,107.518,107.09588,107.09588,108.36223,0.2834,-42.2,-108.86,-109.09,9,stop_loss,14.26714,0.28141,-0.85827,-1.38363,new_york,2020
USDJPY,1,2020-04-28 00:00:00,2020-04-28 12:00:00,107.218,106.84938,106.84938,107.95524,0.3213,-36.9,-107.78,-108.01,3,stop_loss,12.69751,0.24575,-1.53529,-1.7861,tokyo,2020
USDJPY,-1,2020-05-06 20:00:00,2020-05-07 08:00:00,106.011,106.38868,106.38868,105.25563,0.3104,-37.8,-106.68,-106.91,3,stop_loss,14.81112,0.25179,-3.24421,-3.08445,new_york,2020
USDJPY,-1,2020-05-08 04:00:00,2020-05-08 12:00:00,106.32,106.6861,106.6861,105.5878,0.317,-36.6,-105.61,-105.84,2,stop_loss,12.33434,0.24407,-1.48483,-3.36494,tokyo,2020
USDJPY,-1,2020-05-08 20:00:00,2020-05-11 00:00:00,106.614,106.99838,106.99838,105.84525,0.2989,-38.4,-104.55,-104.78,1,stop_loss,13.60032,0.25625,-0.17299,-3.14776,new_york,2020
USDJPY,-1,2020-05-11 16:00:00,2020-05-13 08:00:00,107.409,107.052,107.81936,106.58828,0.2772,35.7,90.05,89.83,10,time_exit,23.16179,0.27357,2.47058,-2.61093,new_york,2020
USDJPY,-1,2020-05-18 16:00:00,2020-05-19 12:00:00,107.453,107.8126,107.8126,106.7338,0.3191,-36.0,-104.42,-104.65,5,stop_loss,15.91719,0.23973,1.69988,-1.39433,new_york,2020
USDJPY,-1,2020-05-28 00:00:00,2020-05-29 04:00:00,107.717,107.12398,108.01351,107.12398,0.3831,59.3,206.74,206.51,7,take_profit,18.32878,0.19767,0.88365,0.35763,tokyo,2020
USDJPY,1,2020-05-29 08:00:00,2020-05-29 16:00:00,107.14,107.75508,106.83246,107.75508,0.3767,61.5,210.85,210.62,2,take_profit,17.87921,0.20503,-2.06642,0.39133,tokyo,2020
USDJPY,-1,2020-06-10 12:00:00,2020-06-12 04:00:00,107.316,107.143,107.78035,106.38731,0.2545,17.3,40.07,39.84,10,time_exit,35.74261,0.30956,-3.18891,1.47961,london,2020
USDJPY,-1,2020-06-17 00:00:00,2020-06-18 16:00:00,107.318,106.884,107.76551,106.42298,0.265,43.4,104.66,104.43,10,time_exit,20.83637,0.29834,-0.94644,-0.31923,tokyo,2020
USDJPY,-1,2020-06-23 00:00:00,2020-06-23 04:00:00,106.898,107.20521,107.20521,106.28358,0.3898,-30.7,-108.97,-109.2,1,stop_loss,12.83181,0.20481,-1.45191,-1.67189,tokyo,2020
USDJPY,-1,2020-06-24 04:00:00,2020-06-24 16:00:00,106.547,106.93203,106.93203,105.77693,0.3079,-38.5,-107.88,-108.11,3,stop_loss,19.43746,0.25669,-2.09815,-1.56208,tokyo,2020
USDJPY,1,2020-07-06 00:00:00,2020-07-07 16:00:00,107.446,107.516,107.18884,107.96031,0.4564,7.0,29.07,28.85,10,time_exit,13.07804,0.17144,0.52395,-0.28601,tokyo,2020
USDJPY,1,2020-07-13 00:00:00,2020-07-14 12:00:00,106.885,107.41748,106.61876,107.41748,0.442,53.2,214.17,213.95,9,take_profit,22.91162,0.17749,-2.17946,-0.64715,tokyo,2020
USDJPY,-1,2020-07-14 12:00:00,2020-07-15 12:00:00,107.316,106.828,107.56,106.828,0.4919,48.8,218.44,218.22,6,take_profit,18.56684,0.16267,0.37046,-0.8334,london,2020
USDJPY,1,2020-07-15 20:00:00,2020-07-17 12:00:00,106.941,107.242,106.66179,107.49941,0.4385,30.1,120.11,119.88,10,time_exit,18.1266,0.18614,-1.48332,-0.83001,new_york,2020
USDJPY,1,2020-07-20 20:00:00,2020-07-21 16:00:00,107.271,106.97435,106.97435,107.8643,0.4172,-29.7,-112.62,-112.85,5,stop_loss,14.90238,0.19777,0.41528,-0.73656,new_york,2020
USDJPY,-1,2020-07-22 20:00:00,2020-07-24 00:00:00,107.187,106.58905,107.48597,106.58905,0.4098,59.8,222.99,222.76,7,take_profit,14.43039,0.19932,0.24372,-0.83446,new_york,2020
USDJPY,-1,2020-07-24 12:00:00,2020-07-24 16:00:00,106.415,105.78506,106.72997,105.78506,0.3967,63.0,227.41,227.18,1,take_profit,18.6857,0.20998,-2.98969,-1.04856,london,2020
USDJPY,1,2020-07-24 20:00:00,2020-07-27 12:00:00,105.699,105.3456,105.3456,106.4058,0.3606,-35.3,-115.97,-116.19,4,stop_loss,24.06373,0.2356,-5.3335,-1.19111,new_york,2020
USDJPY,-1,2020-07-30 20:00:00,2020-07-31 16:00:00,104.953,105.35874,105.35874,104.14152,0.311,-40.6,-114.83,-115.06,5,stop_loss,47.45832,0.27049,-3.36377,-3.49655,new_york,2020
USDJPY,-1,2020-08-04 04:00:00,2020-08-05 20:00:00,106.125,105.597,106.70644,104.96212,0.2148,52.8,103.21,102.98,10,time_exit,37.84852,0.38763,0.97113,-2.30425,tokyo,2020
USDJPY,1,2020-08-07 16:00:00,2020-08-11 08:00:00,105.608,106.101,105.20765,106.40871,0.3148,49.3,141.23,141.0,10,time_exit,13.48561,0.2669,-0.27413,-2.89471,new_york,2020
USDJPY,1,2020-08-11 12:00:00,2020-08-12 12:00:00,106.101,106.84441,105.72929,106.84441,0.3433,74.3,232.24,232.02,6,take_profit,19.48326,0.2478,1.28159,-2.49811,london,2020
USDJPY,-1,2020-08-14 04:00:00,2020-08-17 12:00:00,106.955,106.24163,107.31168,106.24163,0.3649,71.3,236.88,236.65,8,take_profit,33.42705,0.23779,3.00066,-0.8798,tokyo,2020
USDJPY,-1,2020-08-24 00:00:00,2020-08-25 08:00:00,105.763,106.14902,106.14902,104.99096,0.3439,-38.6,-120.8,-121.03,8,stop_loss,21.98722,0.25735,-0.52172,-1.35269,tokyo,2020
USDJPY,-1,2020-09-04 00:00:00,2020-09-07 16:00:00,106.184,106.298,106.56169,105.42862,0.3479,-11.4,-36.09,-36.32,10,time_exit,18.72821,0.25179,0.53564,-0.56011,tokyo,2020
USDJPY,-1,2020-09-21 12:00:00,2020-09-21 16:00:00,104.123,104.4696,104.4696,103.42981,0.378,-34.7,-119.22,-119.45,1,stop_loss,50.28872,0.23106,-4.83135,-2.72878,london,2020
USDJPY,-1,2020-09-22 08:00:00,2020-09-22 16:00:00,104.536,104.91031,104.91031,103.78738,0.3465,-37.4,-118.03,-118.25,2,stop_loss,40.50604,0.24954,-2.31295,-2.76651,tokyo,2020
USDJPY,1,2020-09-30 16:00:00,2020-10-02 08:00:00,105.661,105.36999,105.36999,106.24303,0.4412,-29.1,-116.84,-117.07,10,stop_loss,15.11884,0.19401,1.37951,-1.46951,new_york,2020
USDJPY,1,2020-10-14 12:00:00,2020-10-14 16:00:00,105.369,105.14826,105.14826,105.81048,0.5759,-22.1,-115.68,-115.91,1,stop_loss,24.24487,0.14716,-1.46415,-0.4775,london,2020
USDJPY,1,2020-10-15 04:00:00,2020-10-16 20:00:00,105.23,105.38,104.98656,105.71688,0.5169,15.0,70.56,70.33,10,time_exit,28.06662,0.16229,-1.82885,-0.67703,tokyo,2020
USDJPY,1,2020-10-21 16:00:00,2020-10-23 08:00:00,104.591,104.619,104.30905,105.15489,0.4491,2.8,11.44,11.22,10,time_exit,22.14392,0.18796,-4.32639,-0.87492,new_york,2020
USDJPY,1,2020-10-23 08:00:00,2020-10-27 00:00:00,104.703,104.812,104.4128,105.28341,0.4367,10.9,43.32,43.09,10,time_exit,29.1763,0.19347,-2.41499,-1.62637,tokyo,2020
USDJPY,-1,2020-10-28 08:00:00,2020-10-29 16:00:00,104.243,104.52235,104.52235,103.6843,0.4554,-27.9,-115.77,-115.99,8,stop_loss,22.06807,0.18623,-3.58814,-2.37233,tokyo,2020
USDJPY,-1,2020-10-30 08:00:00,2020-10-30 16:00:00,104.362,104.6727,104.6727,103.7406,0.4053,-31.1,-114.59,-114.82,2,stop_loss,17.87098,0.20713,-1.7486,-2.52318,tokyo,2020
USDJPY,1,2020-11-03 00:00:00,2020-11-04 00:00:00,104.7,104.38671,104.38671,105.32657,0.398,-31.3,-113.47,-113.69,6,stop_loss,12.83533,0.20886,0.21475,-2.32116,tokyo,2020
USDJPY,-1,2020-11-05 04:00:00,2020-11-06 04:00:00,104.312,103.42411,104.75594,103.42411,0.278,88.8,224.62,224.39,6,take_profit,15.64808,0.29596,-1.20625,-1.5295,tokyo,2020
USDJPY,1,2020-11-06 16:00:00,2020-11-09 12:00:00,103.275,104.20453,102.81024,104.20453,0.2709,93.0,229.15,228.92,5,take_profit,27.31662,0.30984,-3.51896,-2.04276,new_york,2020
USDJPY,1,2020-11-11 04:00:00,2020-11-12 20:00:00,105.093,105.124,104.5508,106.1774,0.2368,3.1,6.68,6.45,10,time_exit,32.2004,0.36147,1.57085,-1.16851,tokyo,2020
USDJPY,-1,2020-11-24 12:00:00,2020-11-24 16:00:00,104.212,104.56771,104.56771,103.50058,0.3612,-35.6,-116.92,-117.15,1,stop_loss,19.79969,0.23714,-0.03359,-1.98592,london,2020
USDJPY,-1,2020-11-27 12:00:00,2020-11-30 08:00:00,104.038,104.31612,104.31612,103.48176,0.4573,-27.8,-115.74,-115.97,5,stop_loss,16.10909,0.18541,-1.20004,-1.99751,london,2020
USDJPY,1,2020-12-11 12:00:00,2020-12-14 08:00:00,104.034,103.75616,103.75616,104.58968,0.4532,-27.8,-114.58,-114.81,5,stop_loss,17.14589,0.18523,-0.80502,-1.32508,london,2020
USDJPY,1,2020-12-14 12:00:00,2020-12-16 04:00:00,103.752,103.46558,103.46558,104.32485,0.4352,-28.6,-113.43,-113.66,10,stop_loss,17.9014,0.19095,-2.00679,-1.39387,london,2020
USDJPY,-1,2020-12-16 04:00:00,2020-12-17 12:00:00,103.645,103.05083,103.94209,103.05083,0.4154,59.4,224.61,224.38,8,take_profit,22.18336,0.19806,-2.00056,-1.55691,tokyo,2020
USDJPY,-1,2020-12-21 00:00:00,2020-12-21 12:00:00,103.489,103.83338,103.83338,102.80023,0.3655,-34.4,-114.54,-114.77,3,stop_loss,22.06977,0.22959,-1.64902,-2.20047,tokyo,2020
USDJPY,1,2020-12-28 00:00:00,2020-12-29 16:00:00,103.498,103.524,103.24569,104.00262,0.4939,2.6,11.69,11.46,10,time_exit,21.58484,0.16821,0.44788,-2.67468,tokyo,2020
USDJPY,1,2020-12-30 00:00:00,2020-12-30 04:00:00,103.567,103.32393,103.32393,104.05315,0.5132,-24.3,-113.52,-113.75,1,stop_loss,16.51573,0.16205,-0.48653,-2.40864,tokyo,2020
USDJPY,1,2020-12-30 04:00:00,2020-12-30 12:00:00,103.352,103.09929,103.09929,103.85742,0.4886,-25.3,-112.36,-112.59,2,stop_loss,16.57048,0.16847,-1.47614,-2.33869,tokyo,2020
USDJPY,1,2021-01-05 16:00:00,2021-01-05 20:00:00,102.917,102.62996,102.62996,103.49108,0.4259,-28.7,-111.25,-111.48,1,stop_loss,29.06396,0.19136,-1.99939,-2.73348,new_york,2021
USDJPY,1,2021-01-06 12:00:00,2021-01-07 08:00:00,102.863,103.45473,102.56713,103.45473,0.409,59.2,220.24,220.01,5,take_profit,33.05556,0.19724,-1.72009,-2.88257,london,2021
USDJPY,-1,2021-01-07 16:00:00,2021-01-08 00:00:00,103.624,103.97415,103.97415,102.92371,0.3525,-35.0,-112.32,-112.55,2,stop_loss,24.58652,0.23343,1.70699,-2.19616,new_york,2021
USDJPY,-1,2021-01-11 08:00:00,2021-01-13 00:00:00,104.187,103.561,104.55984,103.44132,0.3278,62.6,186.73,186.51,10,time_exit,31.69812,0.24856,2.92822,-1.19131,tokyo,2021
USDJPY,1,2021-01-18 08:00:00,2021-01-20 00:00:00,103.729,103.808,103.43605,104.3149,0.4241,7.9,30.49,30.26,10,time_exit,13.53994,0.1953,-0.10664,-0.2319,tokyo,2021
USDJPY,1,2021-01-21 12:00:00,2021-01-25 04:00:00,103.422,103.719,103.16255,103.9409,0.4802,29.7,129.78,129.56,10,time_exit,15.39745,0.17297,-1.78434,-0.31556,london,2021
USDJPY,-1,2021-01-29 08:00:00,2021-01-29 12:00:00,104.478,104.73881,104.73881,103.95639,0.4832,-26.1,-114.68,-114.91,1,stop_loss,35.97287,0.17387,3.23421,0.54911,tokyo,2021
USDJPY,1,2021-01-29 16:00:00,2021-02-02 08:00:00,104.676,104.924,104.37311,105.28177,0.4119,24.8,92.96,92.73,10,time_exit,41.06367,0.20192,3.44465,0.70517,new_york,2021
USDJPY,1,2021-02-04 00:00:00,2021-02-04 16:00:00,105.025,105.47546,104.79977,105.47546,0.5584,45.0,228.9,228.67,4,take_profit,56.8485,0.15015,3.43141,3.17053,tokyo,2021
USDJPY,-1,2021-02-08 16:00:00,2021-02-09 04:00:00,105.482,104.95111,105.74745,104.95111,0.4833,53.1,233.49,233.26,3,take_profit,55.30804,0.17696,3.00023,4.00583,new_york,2021
USDJPY,1,2021-02-10 00:00:00,2021-02-11 16:00:00,104.562,104.747,104.27671,105.13258,0.4586,18.5,77.21,76.98,10,time_exit,41.44172,0.19019,-1.87908,3.2985,tokyo,2021
USDJPY,-1,2021-02-12 00:00:00,2021-02-12 08:00:00,104.73,104.98535,104.98535,104.2193,0.5157,-25.5,-119.83,-120.06,2,stop_loss,23.28678,0.17023,-0.45238,2.86791,tokyo,2021
USDJPY,1,2021-02-12 12:00:00,2021-02-16 04:00:00,105.039,105.58235,104.76732,105.58235,0.4799,54.3,237.29,237.06,10,take_profit,23.86584,0.18112,1.16819,2.65874,london,2021
USDJPY,1,2021-02-17 20:00:00,2021-02-19 08:00:00,105.793,105.43397,105.43397,106.51106,0.3704,-35.9,-121.02,-121.24,9,stop_loss,50.21827,0.23935,2.27816,2.87143,new_york,2021
USDJPY,1,2021-02-19 08:00:00,2021-02-19 12:00:00,105.584,105.27895,105.27895,106.19411,0.4315,-30.5,-119.78,-120.01,1,stop_loss,37.78011,0.20337,0.97703,3.5736,tokyo,2021
USDJPY,1,2021-03-10 00:00:00,2021-03-11 16:00:00,108.48,108.53,108.06944,109.30111,0.3174,5.0,14.44,14.21,10,time_exit,53.36779,0.2737,3.21036,6.14887,tokyo,2021
USDJPY,1,2021-03-12 20:00:00,2021-03-16 12:00:00,109.037,109.008,108.62709,109.85683,0.3183,-2.9,-8.4,-8.63,10,time_exit,32.68643,0.27328,3.24302,6.54962,new_york,2021
USDJPY,1,2021-03-24 00:00:00,2021-03-25 16:00:00,108.583,109.173,108.24305,109.2629,0.3835,59.0,205.9,205.67,10,time_exit,22.9257,0.22663,-0.75393,6.57171,tokyo,2021
USDJPY,1,2021-03-30 00:00:00,2021-03-30 12:00:00,109.773,110.3856,109.4667,110.3856,0.433,61.3,241.38,241.16,3,take_profit,35.81836,0.2042,3.50428,6.99394,tokyo,2021
USDJPY,-1,2021-04-01 12:00:00,2021-04-05 04:00:00,110.77,110.65,111.14149,110.02701,0.3642,12.0,39.77,39.54,10,time_exit,50.40187,0.24766,4.0875,6.76831,london,2021
USDJPY,-1,2021-04-08 12:00:00,2021-04-09 12:00:00,109.456,109.81223,109.81223,108.74353,0.381,-35.6,-123.51,-123.74,6,stop_loss,34.35534,0.23749,-2.22642,5.72861,london,2021
USDJPY,1,2021-04-09 12:00:00,2021-04-12 12:00:00,109.66,109.28312,109.28312,110.41377,0.3565,-37.7,-122.27,-122.49,6,stop_loss,40.45936,0.25126,-0.73186,4.69364,london,2021
USDJPY,1,2021-04-12 20:00:00,2021-04-13 20:00:00,109.406,109.01984,109.01984,110.17832,0.3445,-38.6,-121.06,-121.29,6,stop_loss,30.30998,0.25744,-1.40947,4.01591,new_york,2021
USDJPY,1,2021-04-15 00:00:00,2021-04-16 16:00:00,108.904,108.782,108.55004,109.61192,0.372,-12.2,-41.3,-41.53,10,time_exit,29.39848,0.23597,-2.42618,3.06314,tokyo,2021
USDJPY,-1,2021-04-20 20:00:00,2021-04-22 12:00:00,108.13,108.127,108.50573,107.37855,0.3493,0.3,0.95,0.73,10,time_exit,35.31411,0.25048,-3.06006,0.64521,new_york,2021
USDJPY,1,2021-04-22 20:00:00,2021-04-23 04:00:00,108.205,107.85313,107.85313,108.90873,0.373,-35.2,-119.43,-119.66,2,stop_loss,31.95587,0.23458,-1.62949,-0.31604,new_york,2021
USDJPY,-1,2021-04-26 16:00:00,2021-04-27 16:00:00,108.072,108.46183,108.46183,107.29233,0.3333,-39.0,-118.24,-118.47,6,stop_loss,32.32425,0.25989,-0.97451,-0.96623,new_york,2021
USDJPY,-1,2021-04-28 04:00:00,2021-04-29 20:00:00,108.915,108.919,109.29004,108.16491,0.343,-0.4,-1.25,-1.48,10,time_exit,26.13041,0.25003,2.23833,-0.8303,tokyo,2021
USDJPY,-1,2021-05-05 20:00:00,2021-05-07 12:00:00,109.299,108.61907,109.63896,108.61907,0.3783,68.0,234.07,233.84,10,take_profit,21.75489,0.22664,1.48181,1.06412,new_york,2021
USDJPY,1,2021-05-07 16:00:00,2021-05-11 08:00:00,108.58,108.825,108.19105,109.35789,0.3373,24.5,75.2,74.97,10,time_exit,14.70238,0.2593,-1.69291,0.97691,new_york,2021
USDJPY,-1,2021-05-12 12:00:00,2021-05-12 16:00:00,108.752,109.09896,109.09896,108.05807,0.3804,-34.7,-120.11,-120.33,1,stop_loss,24.03289,0.23131,-0.57098,0.52556,london,2021
USDJPY,1,2021-05-13 16:00:00,2021-05-17 08:00:00,109.579,109.16957,109.16957,110.39786,0.3192,-40.9,-118.93,-119.15,10,stop_loss,24.95788,0.27295,1.95143,0.84685,new_york,2021
USDJPY,1,2021-05-20 00:00:00,2021-05-20 16:00:00,109.196,108.81878,108.81878,109.95045,0.343,-37.7,-117.74,-117.97,4,stop_loss,21.7719,0.25148,0.43307,0.83957,tokyo,2021
USDJPY,1,2021-05-20 20:00:00,2021-05-24 12:00:00,108.791,108.901,108.44396,109.48509,0.369,11.0,36.94,36.71,10,time_exit,20.60571,0.23136,-1.29871,0.80483,new_york,2021
USDJPY,1,2021-05-24 12:00:00,2021-05-25 08:00:00,108.914,108.59984,108.59984,109.54233,0.4089,-31.4,-116.9,-117.13,5,stop_loss,21.13171,0.20944,-0.46974,0.53821,london,2021
USDJPY,-1,2021-06-03 16:00:00,2021-06-03 20:00:00,109.962,110.25229,110.25229,109.38142,0.4381,-29.0,-115.73,-115.96,1,stop_loss,19.54018,0.19353,2.49562,1.89866,new_york,2021
USDJPY,-1,2021-06-11 20:00:00,2021-06-14 16:00:00,109.688,109.97638,109.97638,109.11125,0.4366,-28.8,-114.57,-114.8,5,stop_loss,13.53844,0.19225,0.81911,1.43167,new_york,2021
USDJPY,-1,2021-06-16 20:00:00,2021-06-17 00:00:00,109.888,110.12482,110.12482,109.41435,0.5264,-23.7,-113.44,-113.67,1,stop_loss,23.85071,0.15788,0.83052,2.44045,new_york,2021
USDJPY,1,2021-06-21 16:00:00,2021-06-23 08:00:00,110.133,110.85908,109.76996,110.85908,0.3399,72.6,224.58,224.36,10,take_profit,19.57239,0.24203,0.50991,2.03252,new_york,2021
USDJPY,-1,2021-06-28 04:00:00,2021-06-29 20:00:00,110.701,110.547,111.00598,110.09104,0.4127,15.4,57.84,57.61,10,time_exit,21.76509,0.20332,0.95944,3.44342,tokyo,2021
USDJPY,-1,2021-07-02 20:00:00,2021-07-06 12:00:00,111.219,110.718,111.53048,110.59604,0.4061,50.1,185.15,184.92,10,time_exit,28.93293,0.20765,1.65779,3.77515,new_york,2021
USDJPY,-1,2021-07-06 20:00:00,2021-07-08 08:00:00,110.631,110.04456,110.92422,110.04456,0.4384,58.6,233.96,233.73,9,take_profit,26.50218,0.19548,-1.26478,3.56487,new_york,2021
USDJPY,1,2021-07-09 04:00:00,2021-07-12 20:00:00,109.875,110.351,109.49128,110.64243,0.3417,47.6,148.01,147.78,10,time_exit,43.89564,0.25581,-2.87195,1.61577,tokyo,2021
USDJPY,-1,2021-07-13 08:00:00,2021-07-15 00:00:00,110.425,109.904,110.73677,109.80146,0.4257,52.1,201.83,201.6,10,time_exit,34.25822,0.20785,-0.10995,1.21358,tokyo,2021
USDJPY,1,2021-07-15 20:00:00,2021-07-19 08:00:00,110.043,109.7199,109.7199,110.6892,0.4177,-32.3,-122.81,-123.04,9,stop_loss,34.65409,0.2154,-1.32402,0.60149,new_york,2021
USDJPY,-1,2021-07-21 12:00:00,2021-07-23 04:00:00,110.098,110.269,110.48086,109.33229,0.3489,-17.1,-54.29,-54.52,10,time_exit,24.00619,0.25524,0.30377,-0.39922,london,2021
USDJPY,-1,2021-07-23 20:00:00,2021-07-27 12:00:00,110.545,109.953,110.85939,109.91621,0.423,59.2,227.88,227.65,10,time_exit,22.20406,0.2096,1.98313,-0.05506,new_york,2021
USDJPY,-1,2021-07-29 00:00:00,2021-07-30 16:00:00,109.908,109.787,110.25073,109.22254,0.3953,12.1,43.53,43.3,10,time_exit,21.32182,0.22849,-0.80194,-0.15028,tokyo,2021
USDJPY,-1,2021-08-02 08:00:00,2021-08-03 12:00:00,109.702,109.07396,110.01602,109.07396,0.433,62.8,247.47,247.24,7,take_profit,21.59063,0.20935,-0.9984,-0.77193,tokyo,2021
USDJPY,1,2021-08-03 20:00:00,2021-08-04 12:00:00,109.064,108.76503,108.76503,109.66193,0.4639,-29.9,-126.21,-126.44,4,stop_loss,33.01232,0.19931,-3.26456,-1.45523,new_york,2021
USDJPY,1,2021-08-05 04:00:00,2021-08-06 20:00:00,109.685,110.224,109.31245,110.43009,0.3685,53.9,180.75,180.52,10,time_exit,31.14141,0.24836,0.40538,-1.44797,tokyo,2021
USDJPY,1,2021-08-09 04:00:00,2021-08-10 20:00:00,110.263,110.583,109.95215,110.8847,0.4481,32.0,130.49,130.26,10,time_exit,20.43777,0.20723,2.6496,-1.08638,tokyo,2021
USDJPY,1,2021-08-11 20:00:00,2021-08-13 12:00:00,110.417,110.196,110.14397,110.96307,0.5154,-22.1,-103.65,-103.88,10,time_exit,25.54436,0.18202,1.91728,0.30274,new_york,2021
USDJPY,1,2021-08-16 08:00:00,2021-08-16 16:00:00,109.436,109.14713,109.14713,110.01374,0.4832,-28.9,-127.02,-127.25,2,stop_loss,27.03453,0.19258,-3.36762,0.2716,tokyo,2021
USDJPY,-1,2021-08-17 16:00:00,2021-08-18 12:00:00,109.531,109.83651,109.83651,108.91998,0.4523,-30.6,-125.75,-125.97,5,stop_loss,41.0502,0.20367,-1.69349,-0.49834,new_york,2021
USDJPY,-1,2021-08-25 08:00:00,2021-08-25 16:00:00,109.75,110.04141,110.04141,109.16717,0.4694,-29.1,-124.48,-124.71,2,stop_loss,11.55137,0.19428,-0.24778,-0.615,tokyo,2021
USDJPY,1,2021-08-27 16:00:00,2021-08-27 20:00:00,110.082,109.78738,109.78738,110.67123,0.4596,-29.5,-123.22,-123.45,1,stop_loss,15.46767,0.19641,0.91205,-0.15091,new_york,2021
USDJPY,-1,2021-08-30 12:00:00,2021-09-01 00:00:00,109.845,110.13188,110.13188,109.27125,0.4673,-28.7,-121.99,-122.22,9,stop_loss,13.76552,0.19125,-0.2075,-0.22455,london,2021
USDJPY,-1,2021-09-10 12:00:00,2021-09-13 08:00:00,109.893,110.1323,110.1323,109.4144,0.5546,-23.9,-120.77,-121.0,5,stop_loss,19.38277,0.15953,-0.46219,0.12233,london,2021
USDJPY,-1,2021-09-15 04:00:00,2021-09-16 16:00:00,109.574,109.82229,109.82229,109.07742,0.5292,-24.8,-119.57,-119.8,9,stop_loss,17.83806,0.16553,-2.20546,-0.02967,tokyo,2021
USDJPY,1,2021-09-21 08:00:00,2021-09-21 12:00:00,109.576,109.3008,109.3008,110.1264,0.4726,-27.5,-118.35,-118.58,1,stop_loss,21.52977,0.18347,-1.00184,-0.6416,tokyo,2021
USDJPY,-1,2021-09-24 12:00:00,2021-09-24 16:00:00,110.421,110.72077,110.72077,109.82146,0.4296,-30.0,-117.19,-117.42,1,stop_loss,28.46787,0.19985,3.00167,-0.22438,london,2021
USDJPY,-1,2021-09-29 08:00:00,2021-09-29 16:00:00,111.498,111.85548,111.85548,110.78305,0.3566,-35.7,-116.0,-116.23,2,stop_loss,48.69482,0.23832,4.30985,1.73575,tokyo,2021
USDJPY,1,2021-09-30 12:00:00,2021-09-30 16:00:00,111.95,111.58134,111.58134,112.68731,0.3423,-36.9,-114.83,-115.06,1,stop_loss,47.35919,0.24577,4.68369,2.53738,london,2021
USDJPY,1,2021-10-04 08:00:00,2021-10-06 00:00:00,111.044,111.637,110.67396,111.78408,0.3376,59.3,182.18,181.95,10,time_exit,31.5711,0.24669,0.43688,2.64988,tokyo,2021
USDJPY,1,2021-10-15 08:00:00,2021-10-19 00:00:00,113.967,114.121,113.59,114.72099,0.3367,15.4,47.19,46.96,10,time_exit,31.24939,0.25133,4.91881,5.9687,tokyo,2021
USDJPY,1,2021-10-19 20:00:00,2021-10-21 12:00:00,114.29,113.90304,113.90304,115.06392,0.3294,-38.7,-115.99,-116.22,10,stop_loss,21.74417,0.25797,3.38161,6.83649,new_york,2021
USDJPY,1,2021-10-22 00:00:00,2021-10-22 16:00:00,113.933,113.49496,113.49496,114.80908,0.288,-43.8,-114.8,-115.03,4,stop_loss,15.91743,0.29203,0.96748,6.02294,tokyo,2021
USDJPY,-1,2021-10-22 20:00:00,2021-10-25 12:00:00,113.464,113.90186,113.90186,112.58829,0.2853,-43.8,-113.68,-113.91,4,stop_loss,15.90247,0.2919,-0.95921,5.78639,new_york,2021
USDJPY,-1,2021-11-01 08:00:00,2021-11-02 12:00:00,114.256,113.46403,114.65199,113.46403,0.3123,79.2,225.07,224.85,7,take_profit,18.98587,0.26399,1.69753,4.75931,tokyo,2021
USDJPY,1,2021-11-09 08:00:00,2021-11-10 16:00:00,112.77,113.53602,112.38699,113.53602,0.3293,76.6,229.55,229.32,8,take_profit,24.31552,0.25534,-3.54556,3.0175,tokyo,2021
USDJPY,1,2021-11-10 20:00:00,2021-11-12 12:00:00,113.93,113.96,113.50856,114.77288,0.3053,3.0,8.33,8.11,10,time_exit,27.42252,0.28096,1.5021,2.08739,new_york,2021
USDJPY,-1,2021-11-24 12:00:00,2021-11-24 16:00:00,114.972,115.39932,115.39932,114.11737,0.3013,-42.7,-117.16,-117.39,1,stop_loss,19.03049,0.28488,1.99916,2.9655,london,2021
USDJPY,1,2021-11-26 04:00:00,2021-11-26 08:00:00,114.872,114.49584,114.49584,115.62432,0.3388,-37.6,-115.97,-116.2,1,stop_loss,19.55667,0.25077,0.70052,3.87922,tokyo,2021
USDJPY,1,2021-11-29 00:00:00,2021-11-29 08:00:00,113.685,113.13828,113.13828,114.77845,0.2308,-54.7,-114.83,-115.05,2,stop_loss,30.37299,0.36448,-3.51905,2.18352,tokyo,2021
USDJPY,1,2021-12-03 16:00:00,2021-12-03 20:00:00,113.419,112.87162,112.87162,114.51376,0.2282,-54.7,-113.67,-113.9,1,stop_loss,18.91959,0.36492,-0.69179,0.15537,new_york,2021
USDJPY,-1,2021-12-07 00:00:00,2021-12-08 16:00:00,113.438,113.94379,113.94379,112.42641,0.2445,-50.6,-112.54,-112.76,10,stop_loss,15.50155,0.3372,-0.12183,-0.13833,tokyo,2021
USDJPY,-1,2021-12-10 08:00:00,2021-12-14 00:00:00,113.461,113.618,113.8582,112.6666,0.3082,-15.7,-44.03,-44.26,10,time_exit,9.98979,0.2648,-0.35692,-0.08805,tokyo,2021
USDJPY,1,2021-12-15 00:00:00,2021-12-16 16:00:00,113.708,113.636,113.37811,114.36778,0.3696,-7.2,-24.22,-24.44,10,time_exit,7.69714,0.21993,0.84394,-0.048,tokyo,2021
USDJPY,-1,2021-12-21 16:00:00,2021-12-21 20:00:00,113.765,114.08832,114.08832,113.11836,0.3763,-32.3,-110.72,-110.94,1,stop_loss,17.35201,0.21555,0.5191,0.18532,new_york,2021
USDJPY,1,2021-12-24 08:00:00,2021-12-28 00:00:00,114.387,114.93998,114.11051,114.93998,0.4356,55.3,219.2,218.97,10,take_profit,18.63725,0.18433,2.44533,1.25384,tokyo,2021
USDJPY,-1,2022-01-11 00:00:00,2022-01-11 12:00:00,115.134,115.49463,115.49463,114.41274,0.3406,-36.1,-111.78,-112.0,3,stop_loss,18.80723,0.24042,-1.08267,3.77193,tokyo,2022
USDJPY,-1,2022-01-12 04:00:00,2022-01-12 16:00:00,115.294,114.58753,115.64724,114.58753,0.3443,70.6,221.35,221.12,3,take_profit,16.98782,0.23549,-0.60379,3.53487,tokyo,2022
USDJPY,1,2022-01-13 12:00:00,2022-01-13 16:00:00,114.535,114.14161,114.14161,115.32179,0.3153,-39.3,-112.87,-113.1,1,stop_loss,24.98644,0.26226,-2.77769,2.45834,london,2022
USDJPY,1,2022-01-18 20:00:00,2022-01-20 00:00:00,114.59,114.16346,114.16346,115.44308,0.2879,-42.7,-111.75,-111.98,7,stop_loss,26.35131,0.28436,-0.63956,0.73014,new_york,2022
USDJPY,-1,2022-01-20 04:00:00,2022-01-21 20:00:00,114.202,113.69,114.62248,113.36104,0.2891,51.2,134.7,134.47,10,time_exit,22.7636,0.28032,-1.68604,0.42694,tokyo,2022
USDJPY,1,2022-01-24 20:00:00,2022-01-26 12:00:00,113.745,114.305,113.32038,114.59424,0.2898,56.0,147.68,147.45,10,time_exit,30.07469,0.28308,-1.94169,-0.57558,new_york,2022
USDJPY,1,2022-01-28 16:00:00,2022-02-01 04:00:00,115.327,114.90383,114.90383,116.17335,0.2946,-42.3,-113.45,-113.67,9,stop_loss,37.11277,0.28212,2.77119,0.22224,new_york,2022
USDJPY,1,2022-02-01 12:00:00,2022-02-02 12:00:00,114.687,114.28079,114.28079,115.49941,0.3038,-40.6,-112.3,-112.53,6,stop_loss,30.69424,0.2708,-0.29561,0.7728,london,2022
USDJPY,-1,2022-02-09 16:00:00,2022-02-10 08:00:00,115.462,115.79051,115.79051,114.80497,0.3719,-32.9,-111.18,-111.41,4,stop_loss,28.91993,0.21901,1.82565,1.61084,new_york,2022
USDJPY,1,2022-02-11 12:00:00,2022-02-11 20:00:00,116.055,115.67736,115.67736,116.81028,0.3203,-37.8,-110.07,-110.3,2,stop_loss,45.02496,0.25176,2.80961,2.06598,london,2022
USDJPY,-1,2022-02-16 04:00:00,2022-02-17 20:00:00,115.671,114.916,116.08463,114.84373,0.2895,75.5,198.9,198.67,10,time_exit,24.66508,0.27576,0.83621,1.83905,tokyo,2022
USDJPY,-1,2022-02-22 00:00:00,2022-02-22 12:00:00,114.737,115.07005,115.07005,114.07089,0.3661,-33.3,-110.96,-111.18,3,stop_loss,27.80419,0.22204,-2.2245,1.14091,tokyo,2022
USDJPY,-1,2022-02-23 12:00:00,2022-02-24 16:00:00,115.072,115.40655,115.40655,114.40289,0.3608,-33.5,-109.84,-110.07,7,stop_loss,21.33002,0.22304,-0.32989,0.78073,london,2022
USDJPY,1,2022-02-25 08:00:00,2022-03-01 00:00:00,115.185,115.194,114.73089,116.09322,0.2632,0.9,2.16,1.93,10,time_exit,19.43351,0.30274,0.17242,0.48071,tokyo,2022
USDJPY,1,2022-03-01 16:00:00,2022-03-03 08:00:00,114.914,115.784,114.46702,115.80796,0.2674,87.0,211.7,211.47,10,time_exit,17.87515,0.29799,-0.90804,0.53955,new_york,2022
USDJPY,-1,2022-03-08 16:00:00,2022-03-10 00:00:00,115.694,116.05758,116.05758,114.96683,0.3351,-36.4,-110.87,-111.1,8,stop_loss,16.57598,0.24239,1.66501,0.78755,new_york,2022
USDJPY,1,2022-03-10 16:00:00,2022-03-11 08:00:00,116.08,116.78832,115.72584,116.78832,0.3406,70.8,219.54,219.31,4,take_profit,18.5703,0.23611,2.38195,1.39413,new_york,2022
USDJPY,1,2022-03-11 20:00:00,2022-03-14 12:00:00,117.198,118.01233,116.79083,118.01233,0.3022,81.4,223.94,223.71,4,take_profit,28.10724,0.27144,5.17608,1.87021,new_york,2022
USDJPY,-1,2022-03-15 04:00:00,2022-03-16 20:00:00,118.205,118.60739,118.60739,117.40022,0.3119,-40.2,-114.21,-114.44,10,stop_loss,48.07506,0.26826,6.89874,3.2525,tokyo,2022
USDJPY,-1,2022-03-25 12:00:00,2022-03-25 16:00:00,121.511,122.13164,122.13164,120.26971,0.2002,-62.1,-113.07,-113.3,1,stop_loss,61.17714,0.41376,3.91753,6.43232,london,2022
USDJPY,1,2022-03-28 12:00:00,2022-03-28 16:00:00,124.686,123.84579,123.84579,126.36643,0.1464,-84.0,-111.94,-112.16,1,stop_loss,54.42009,0.56014,7.49083,5.25823,london,2022
USDJPY,1,2022-03-28 16:00:00,2022-03-29 12:00:00,123.654,122.7313,122.7313,125.4994,0.132,-92.3,-110.83,-111.06,5,stop_loss,55.55143,0.61513,4.94023,4.891,new_york,2022
USDJPY,-1,2022-03-31 04:00:00,2022-04-01 20:00:00,122.287,122.554,123.2891,120.28281,0.1203,-26.7,-29.23,-29.46,10,time_exit,32.39012,0.66806,1.16625,4.78546,tokyo,2022
USDJPY,1,2022-04-11 00:00:00,2022-04-11 08:00:00,124.024,125.07062,123.50069,125.07062,0.2297,104.7,218.77,218.54,2,take_profit,36.12106,0.34887,3.37886,8.97606,tokyo,2022
USDJPY,-1,2022-04-21 08:00:00,2022-04-25 00:00:00,128.364,128.756,129.13773,126.81654,0.1585,-39.2,-56.54,-56.77,10,time_exit,40.40451,0.51582,3.36654,7.77411,tokyo,2022
USDJPY,-1,2022-04-25 12:00:00,2022-04-27 04:00:00,128.123,127.652,128.9595,126.45,0.1458,47.1,62.49,62.26,10,time_exit,25.89211,0.55767,1.36729,7.23789,london,2022
USDJPY,1,2022-04-27 08:00:00,2022-04-28 04:00:00,127.653,129.40699,126.776,129.40699,0.1399,175.4,223.3,223.07,5,take_profit,25.71124,0.58466,0.30614,6.31737,tokyo,2022
USDJPY,1,2022-04-28 08:00:00,2022-05-02 00:00:00,129.846,130.06,128.93754,131.66291,0.1377,21.4,26.82,26.59,10,time_exit,21.87427,0.60564,3.51869,6.03676,tokyo,2022
USDJPY,1,2022-05-03 08:00:00,2022-05-04 20:00:00,130.131,129.32578,129.32578,131.74143,0.1558,-80.5,-114.16,-114.39,9,stop_loss,20.07475,0.53681,2.08014,7.32075,tokyo,2022
USDJPY,-1,2022-05-11 16:00:00,2022-05-12 08:00:00,130.75,129.1934,131.5283,129.1934,0.1595,155.7,225.93,225.71,4,take_profit,14.57268,0.51887,1.43215,6.34854,new_york,2022
USDJPY,-1,2022-05-17 04:00:00,2022-05-18 20:00:00,129.202,128.242,130.00458,127.59683,0.1578,96.0,137.85,137.63,10,time_exit,23.07425,0.53506,-0.55094,4.36134,tokyo,2022
USDJPY,-1,2022-05-18 20:00:00,2022-05-20 12:00:00,128.337,127.786,129.0691,126.87281,0.1751,55.1,87.8,87.57,10,time_exit,18.00959,0.48806,-2.15135,4.15281,new_york,2022
USDJPY,-1,2022-05-25 16:00:00,2022-05-27 08:00:00,127.057,127.043,127.78211,125.60678,0.1781,1.4,2.27,2.04,10,time_exit,27.41007,0.48341,-2.12453,1.38262,new_york,2022
USDJPY,-1,2022-05-27 16:00:00,2022-05-30 12:00:00,127.037,127.72454,127.72454,125.66192,0.1878,-68.8,-117.5,-117.73,5,stop_loss,28.01272,0.45836,-1.49437,0.73104,new_york,2022
USDJPY,1,2022-06-08 12:00:00,2022-06-10 04:00:00,133.837,134.205,133.14658,135.21783,0.1852,36.8,62.02,61.79,10,time_exit,56.10146,0.46028,7.3549,4.34507,london,2022
USDJPY,1,2022-06-13 00:00:00,2022-06-14 16:00:00,134.319,134.981,133.49192,135.97316,0.1554,66.2,93.62,93.39,10,time_exit,43.21971,0.55139,4.06038,5.19274,tokyo,2022
USDJPY,1,2022-06-16 20:00:00,2022-06-17 04:00:00,131.816,134.1661,130.64095,134.1661,0.1103,235.0,235.89,235.66,2,take_profit,25.96996,0.78337,-1.96592,3.92978,new_york,2022
USDJPY,1,2022-06-23 00:00:00,2022-06-23 04:00:00,136.26,135.44235,135.44235,137.8953,0.1616,-81.8,-120.24,-120.47,1,stop_loss,23.31313,0.5451,2.82456,6.06088,tokyo,2022
USDJPY,-1,2022-06-30 00:00:00,2022-07-01 04:00:00,136.579,135.2315,137.25275,135.2315,0.1942,134.7,238.13,237.91,7,take_profit,18.31328,0.44917,2.70333,6.49092,tokyo,2022
USDJPY,-1,2022-07-04 00:00:00,2022-07-05 00:00:00,135.255,136.01063,136.01063,133.74375,0.1766,-75.6,-121.43,-121.66,6,stop_loss,19.60377,0.50375,-0.51201,5.29627,tokyo,2022
USDJPY,-1,2022-07-07 12:00:00,2022-07-11 04:00:00,136.126,136.88104,136.88104,134.61592,0.175,-75.5,-120.24,-120.47,10,stop_loss,13.75213,0.50336,1.06447,4.42209,london,2022
USDJPY,-1,2022-07-15 20:00:00,2022-07-19 12:00:00,138.552,137.645,139.29007,137.07585,0.1772,90.7,146.26,146.03,10,time_exit,45.86611,0.49205,2.62173,5.30774,new_york,2022
USDJPY,-1,2022-07-25 04:00:00,2022-07-26 20:00:00,136.528,136.932,137.3673,134.84941,0.1577,-40.4,-57.98,-58.2,10,time_exit,24.40878,0.55953,-1.88103,3.67837,tokyo,2022
USDJPY,-1,2022-07-29 16:00:00,2022-08-01 12:00:00,134.068,131.98346,135.11027,131.98346,0.1264,208.5,239.77,239.55,5,take_profit,35.51073,0.69485,-3.16225,0.96883,new_york,2022
USDJPY,1,2022-08-15 16:00:00,2022-08-16 12:00:00,132.689,134.48367,131.79166,134.48367,0.1497,179.5,244.48,244.26,5,take_profit,24.32235,0.59822,-1.74626,-1.42289,new_york,2022
USDJPY,1,2022-08-16 12:00:00,2022-08-18 04:00:00,133.941,135.07,133.10608,135.61083,0.1642,112.9,168.7,168.47,10,time_exit,23.5767,0.55661,0.47169,-1.52887,london,2022
USDJPY,-1,2022-08-18 16:00:00,2022-08-18 20:00:00,134.932,135.75018,135.75018,133.29563,0.1698,-81.8,-126.42,-126.65,1,stop_loss,22.33559,0.54546,1.46202,-0.77559,new_york,2022
USDJPY,-1,2022-08-22 20:00:00,2022-08-23 16:00:00,137.452,135.88681,138.23459,135.88681,0.1757,156.5,250.25,250.03,5,take_profit,37.66197,0.52173,4.30589,0.73917,new_york,2022
USDJPY,-1,2022-08-30 08:00:00,2022-09-01 00:00:00,138.488,139.20237,139.20237,137.05926,0.1963,-71.4,-127.61,-127.84,10,stop_loss,22.51442,0.47625,3.312,2.88401,tokyo,2022
USDJPY,1,2022-09-01 08:00:00,2022-09-05 00:00:00,139.504,140.312,138.8029,140.9062,0.1981,80.8,145.66,145.43,10,time_exit,22.32756,0.4674,4.00238,3.70118,tokyo,2022
USDJPY,-1,2022-09-06 00:00:00,2022-09-06 08:00:00,140.569,141.18275,141.18275,139.34149,0.2288,-61.4,-127.79,-128.02,2,stop_loss,42.20432,0.40917,4.13725,5.71924,tokyo,2022
USDJPY,1,2022-09-12 20:00:00,2022-09-13 12:00:00,142.208,144.42528,141.09936,144.42528,0.1254,221.7,253.02,252.79,4,take_profit,34.8451,0.73909,0.60727,4.83017,new_york,2022
USDJPY,1,2022-09-21 12:00:00,2022-09-22 04:00:00,143.745,145.13671,143.04915,145.13671,0.2038,139.2,258.1,257.88,4,take_profit,9.61077,0.4639,1.40672,6.86975,london,2022
USDJPY,1,2022-09-26 16:00:00,2022-09-28 08:00:00,143.887,144.709,142.58615,146.48871,0.1112,82.2,83.18,82.95,10,time_exit,15.56867,0.86724,0.81446,3.10531,new_york,2022
USDJPY,1,2022-10-03 00:00:00,2022-10-04 16:00:00,144.652,143.99652,143.99652,145.96297,0.2221,-65.5,-132.48,-132.71,10,stop_loss,8.8988,0.43699,1.60945,6.07712,tokyo,2022
USDJPY,-1,2022-10-07 20:00:00,2022-10-11 08:00:00,145.266,145.83342,145.83342,144.13116,0.254,-56.7,-131.15,-131.38,9,stop_loss,13.52924,0.37828,1.95649,6.02964,new_york,2022
USDJPY,1,2022-10-11 08:00:00,2022-10-12 12:00:00,145.78,146.72756,145.30622,146.72756,0.3011,94.8,259.63,259.4,7,take_profit,19.37189,0.31585,2.94115,7.33885,tokyo,2022
USDJPY,-1,2022-10-12 12:00:00,2022-10-12 16:00:00,146.287,146.79664,146.79664,145.26771,0.2855,-51.0,-132.41,-132.64,1,stop_loss,23.53634,0.33976,3.44931,6.92617,london,2022
USDJPY,1,2022-10-12 16:00:00,2022-10-14 08:00:00,146.727,147.686,146.19451,147.79198,0.2705,95.9,236.06,235.84,10,time_exit,25.9686,0.35499,4.38706,6.69667,new_york,2022
USDJPY,-1,2022-10-21 20:00:00,2022-10-24 00:00:00,147.248,148.40019,148.40019,144.94361,0.1273,-115.2,-133.47,-133.7,1,stop_loss,43.29428,0.76813,-1.67139,4.6758,new_york,2022
USDJPY,1,2022-10-27 04:00:00,2022-10-28 20:00:00,146.058,147.476,144.94289,148.28822,0.1302,141.8,168.01,167.78,10,time_exit,35.79569,0.74341,-2.89229,3.62969,tokyo,2022
USDJPY,-1,2022-11-08 20:00:00,2022-11-09 16:00:00,145.535,146.48302,146.48302,143.63897,0.1551,-94.8,-133.8,-134.03,5,stop_loss,46.84239,0.63201,-2.79094,1.67705,new_york,2022
USDJPY,1,2022-11-10 12:00:00,2022-11-10 16:00:00,146.422,145.54643,145.54643,148.17313,0.1662,-87.6,-132.42,-132.65,1,stop_loss,43.80373,0.58371,-0.81694,1.1614,london,2022
USDJPY,1,2022-11-11 20:00:00,2022-11-15 12:00:00,138.772,138.614,137.11887,142.07826,0.0872,-15.8,-12.54,-12.77,10,time_exit,57.15479,1.10209,-5.90073,-0.49746,new_york,2022
USDJPY,1,2022-11-16 12:00:00,2022-11-18 04:00:00,139.386,139.782,137.94322,142.27157,0.0998,39.6,35.96,35.74,10,time_exit,46.59787,0.96186,-3.35044,-2.38981,london,2022
USDJPY,1,2022-11-21 04:00:00,2022-11-21 16:00:00,140.293,142.23083,139.32408,142.23083,0.149,193.8,262.75,262.52,3,take_profit,26.51755,0.64594,-1.66164,-4.35119,tokyo,2022
USDJPY,-1,2022-11-21 16:00:00,2022-11-23 08:00:00,141.594,141.346,142.58826,139.60549,0.1481,24.8,33.42,33.2,10,time_exit,25.16437,0.66284,0.34817,-4.11797,new_york,2022
USDJPY,1,2022-11-23 08:00:00,2022-11-23 16:00:00,141.356,140.5367,140.5367,142.99461,0.1802,-81.9,-134.35,-134.58,2,stop_loss,16.0932,0.5462,-0.13506,-4.44848,tokyo,2022
USDJPY,-1,2022-11-25 12:00:00,2022-11-28 08:00:00,139.391,137.55848,140.30726,137.55848,0.1595,183.3,265.98,265.75,5,take_profit,26.80895,0.61084,-1.8275,-4.55686,london,2022
USDJPY,-1,2022-11-29 04:00:00,2022-11-30 16:00:00,138.761,139.69449,139.69449,136.89402,0.1597,-93.3,-135.66,-135.89,9,stop_loss,23.29366,0.62233,-1.86555,-4.72047,tokyo,2022
USDJPY,1,2022-12-02 16:00:00,2022-12-06 08:00:00,135.411,136.774,134.08717,138.05865,0.1115,136.3,138.3,138.07,10,time_exit,34.05107,0.88255,-3.13635,-4.0752,new_york,2022
USDJPY,-1,2022-12-23 16:00:00,2022-12-28 00:00:00,132.81,133.78297,133.78297,130.86405,0.1532,-97.3,-135.64,-135.87,8,stop_loss,29.06477,0.64865,-2.08325,-5.64219,new_york,2022
USDJPY,-1,2023-01-03 12:00:00,2023-01-04 00:00:00,130.413,131.33754,131.33754,128.56392,0.1596,-92.5,-134.28,-134.5,3,stop_loss,41.71831,0.61636,-3.41226,-5.97272,london,2023
USDJPY,-1,2023-01-13 08:00:00,2023-01-17 00:00:00,129.166,128.804,130.29281,126.91238,0.1297,36.2,42.73,42.5,10,time_exit,26.77857,0.75121,-3.35984,-3.80158,tokyo,2023
USDJPY,1,2023-01-25 16:00:00,2023-01-27 08:00:00,129.964,129.853,129.00449,131.88302,0.1527,-11.1,-15.42,-15.65,10,time_exit,23.45595,0.63967,0.17353,-4.0894,new_york,2023
USDJPY,-1,2023-01-30 00:00:00,2023-01-30 20:00:00,129.681,130.52063,130.52063,128.00175,0.1744,-84.0,-133.25,-133.48,5,stop_loss,13.42561,0.55975,-0.06313,-4.07912,tokyo,2023
USDJPY,1,2023-02-01 20:00:00,2023-02-02 00:00:00,129.232,128.46894,128.46894,130.75813,0.1899,-76.3,-131.86,-132.09,1,stop_loss,13.84237,0.50871,-1.33899,-3.68447,new_york,2023
USDJPY,-1,2023-02-02 16:00:00,2023-02-03 12:00:00,128.422,129.30245,129.30245,126.6611,0.163,-88.0,-130.6,-130.82,5,stop_loss,23.95686,0.58697,-2.1708,-3.31308,new_york,2023
USDJPY,-1,2023-02-08 00:00:00,2023-02-09 16:00:00,131.033,131.151,132.07231,128.95438,0.1367,-11.8,-14.68,-14.91,10,time_exit,33.29643,0.69287,0.81082,-1.46133,tokyo,2023
USDJPY,-1,2023-02-10 08:00:00,2023-02-13 08:00:00,131.552,132.50071,132.50071,129.65459,0.1495,-94.9,-129.07,-129.29,6,stop_loss,16.09965,0.63247,1.16103,-1.05332,tokyo,2023
USDJPY,-1,2023-02-14 04:00:00,2023-02-14 16:00:00,132.052,132.98492,132.98492,130.18617,0.1505,-93.3,-127.77,-128.0,3,stop_loss,13.87627,0.62194,1.32543,-0.48719,tokyo,2023
USDJPY,-1,2023-02-16 04:00:00,2023-02-17 04:00:00,133.858,134.7646,134.7646,132.04479,0.1534,-90.7,-126.56,-126.78,6,stop_loss,19.30141,0.6044,3.092,0.46148,tokyo,2023
USDJPY,1,2023-02-24 04:00:00,2023-02-24 16:00:00,134.779,136.12166,134.10767,136.12166,0.205,134.3,250.47,250.25,3,take_profit,22.37762,0.44755,1.72551,3.19955,tokyo,2023
USDJPY,1,2023-02-24 16:00:00,2023-02-28 08:00:00,135.882,136.735,135.15001,137.34599,0.1918,85.3,148.88,148.65,10,time_exit,21.47601,0.488,3.55601,3.05722,new_york,2023
USDJPY,1,2023-03-01 16:00:00,2023-03-03 08:00:00,135.746,136.154,135.01536,137.20728,0.1944,40.8,72.18,71.95,10,time_exit,21.94903,0.48709,1.08566,4.04963,new_york,2023
USDJPY,1,2023-03-07 16:00:00,2023-03-08 00:00:00,136.14,137.42945,135.49527,137.42945,0.2215,128.9,259.91,259.68,2,take_profit,13.64845,0.42982,0.81482,4.46444,new_york,2023
USDJPY,1,2023-03-23 16:00:00,2023-03-23 20:00:00,131.481,130.42823,130.42823,133.58654,0.1384,-105.3,-132.59,-132.82,1,stop_loss,29.0878,0.70185,-1.83852,-1.25875,new_york,2023
USDJPY,1,2023-03-27 20:00:00,2023-03-28 00:00:00,131.601,130.66899,130.66899,133.46502,0.1547,-93.2,-131.21,-131.43,1,stop_loss,26.64878,0.62134,-0.59989,-2.13776,new_york,2023
USDJPY,1,2023-03-28 20:00:00,2023-03-29 20:00:00,130.959,132.81518,130.03091,132.81518,0.1538,185.6,259.79,259.56,6,take_profit,23.21078,0.61873,-1.28067,-2.28375,new_york,2023
USDJPY,-1,2023-03-30 20:00:00,2023-03-31 00:00:00,132.385,133.20198,133.20198,130.75104,0.1782,-81.7,-132.48,-132.71,1,stop_loss,21.8848,0.54465,0.78217,-2.02212,new_york,2023
USDJPY,1,2023-04-04 16:00:00,2023-04-04 20:00:00,132.904,132.0917,132.0917,134.5286,0.1775,-81.2,-131.21,-131.43,1,stop_loss,24.6888,0.54153,0.87471,-1.12677,new_york,2023
USDJPY,1,2023-04-07 00:00:00,2023-04-10 12:00:00,131.763,133.28989,130.99956,133.28989,0.1869,152.7,259.69,259.46,9,take_profit,25.97456,0.50896,-0.46545,-1.61661,tokyo,2023
USDJPY,1,2023-04-10 16:00:00,2023-04-12 08:00:00,133.327,133.822,132.50316,134.97468,0.1767,49.5,79.59,79.37,10,time_exit,18.5995,0.54923,2.23779,-1.23428,new_york,2023
USDJPY,1,2023-04-13 16:00:00,2023-04-17 04:00:00,132.514,134.03251,131.75474,134.03251,0.1929,151.9,266.56,266.33,9,take_profit,15.52284,0.50617,-0.42265,-0.28711,new_york,2023
USDJPY,1,2023-04-21 04:00:00,2023-04-24 20:00:00,134.143,134.251,133.54942,135.33016,0.2516,10.8,24.73,24.5,10,time_exit,18.67848,0.39572,0.91444,1.47408,tokyo,2023
USDJPY,1,2023-04-25 04:00:00,2023-04-25 20:00:00,134.297,133.72,133.72,135.451,0.2593,-57.7,-136.15,-136.38,4,stop_loss,14.79296,0.38467,0.96142,1.61617,tokyo,2023
USDJPY,1,2023-04-27 08:00:00,2023-04-28 08:00:00,133.729,134.9781,133.10445,134.9781,0.2372,124.9,269.62,269.39,6,take_profit,18.66862,0.41637,-0.3062,1.18752,tokyo,2023
USDJPY,-1,2023-05-01 00:00:00,2023-05-01 08:00:00,136.141,136.97468,136.97468,134.47365,0.1812,-83.4,-137.47,-137.69,2,stop_loss,26.22593,0.55578,3.69987,1.28864,tokyo,2023
USDJPY,1,2023-05-08 12:00:00,2023-05-10 04:00:00,134.964,135.234,134.2025,136.487,0.1964,27.0,48.26,48.03,10,time_exit,29.11513,0.50767,-0.07998,1.81497,london,2023
USDJPY,1,2023-05-10 12:00:00,2023-05-10 16:00:00,135.26,134.65729,134.65729,136.46541,0.2491,-60.3,-136.62,-136.85,1,stop_loss,15.38361,0.4018,0.51374,2.12415,london,2023
USDJPY,1,2023-05-15 00:00:00,2023-05-16 16:00:00,135.644,136.591,134.95527,137.02147,0.2158,94.7,185.97,185.74,10,time_exit,16.75117,0.45916,1.82894,1.3635,tokyo,2023
USDJPY,-1,2023-05-18 04:00:00,2023-05-18 12:00:00,137.444,138.03713,138.03713,136.25773,0.254,-59.3,-137.1,-137.32,2,stop_loss,37.61637,0.39542,4.18519,2.88574,tokyo,2023
USDJPY,1,2023-05-25 12:00:00,2023-05-29 00:00:00,139.491,140.88198,138.79551,140.88198,0.2144,139.1,271.39,271.16,9,take_profit,37.61094,0.46366,3.53687,4.61487,london,2023
USDJPY,1,2023-05-29 00:00:00,2023-05-30 12:00:00,140.57,139.89107,139.89107,141.92785,0.2241,-67.9,-138.45,-138.68,9,stop_loss,39.74784,0.45262,4.60338,5.37721,tokyo,2023
USDJPY,-1,2023-06-05 00:00:00,2023-06-06 16:00:00,139.947,139.664,140.69176,138.45748,0.2022,28.3,52.07,51.85,10,time_exit,16.52221,0.49651,1.41099,4.53001,tokyo,2023
USDJPY,1,2023-06-09 08:00:00,2023-06-13 00:00:00,139.272,139.646,138.6429,140.5302,0.2403,37.4,81.78,81.56,10,time_exit,14.51773,0.4194,-0.44105,4.39499,tokyo,2023
USDJPY,-1,2023-06-21 00:00:00,2023-06-21 08:00:00,141.455,142.13805,142.13805,140.08889,0.2226,-68.3,-138.36,-138.59,2,stop_loss,16.42375,0.45537,1.56072,4.38944,tokyo,2023
USDJPY,-1,2023-06-22 04:00:00,2023-06-22 16:00:00,141.883,142.50282,142.50282,140.64336,0.2429,-62.0,-137.0,-137.23,3,stop_loss,20.75042,0.41321,2.13552,5.00126,tokyo,2023
USDJPY,-1,2023-06-29 08:00:00,2023-07-03 00:00:00,144.584,144.442,145.2202,143.31159,0.2343,14.2,30.28,30.05,10,time_exit,36.59043,0.42414,3.93763,6.48146,tokyo,2023
USDJPY,1,2023-07-03 04:00:00,2023-07-04 20:00:00,144.442,144.471,143.86733,145.59134,0.2599,2.9,6.86,6.63,10,time_exit,36.16168,0.38311,2.45201,7.51595,tokyo,2023
USDJPY,1,2023-07-06 20:00:00,2023-07-07 08:00:00,144.106,143.48155,143.48155,145.3549,0.2393,-62.4,-135.98,-136.21,3,stop_loss,27.94295,0.4163,0.2045,6.36516,new_york,2023
USDJPY,-1,2023-07-12 16:00:00,2023-07-14 00:00:00,139.271,137.64769,140.08266,137.64769,0.1823,162.3,269.3,269.07,8,take_profit,47.2269,0.5411,-5.68884,1.75409,new_york,2023
USDJPY,1,2023-07-14 20:00:00,2023-07-18 12:00:00,138.655,137.7795,137.7795,140.40601,0.1724,-87.6,-137.35,-137.58,10,stop_loss,49.30715,0.58367,-3.51868,-0.53141,new_york,2023
USDJPY,1,2023-07-20 00:00:00,2023-07-21 08:00:00,139.556,141.2211,138.72345,141.2211,0.1794,166.5,271.83,271.61,8,take_profit,21.41773,0.55503,-0.22952,-1.56492,tokyo,2023
USDJPY,1,2023-07-25 04:00:00,2023-07-26 08:00:00,141.482,140.70747,140.70747,143.03106,0.1967,-77.5,-138.64,-138.87,7,stop_loss,26.94663,0.51635,2.07205,-0.54726,tokyo,2023
USDJPY,1,2023-08-01 20:00:00,2023-08-02 08:00:00,143.394,142.35394,142.35394,145.47412,0.145,-104.0,-137.24,-137.46,3,stop_loss,30.39404,0.69337,3.25439,0.43981,new_york,2023
USDJPY,-1,2023-08-07 16:00:00,2023-08-08 00:00:00,142.014,142.82827,142.82827,140.38546,0.1834,-81.4,-135.9,-136.12,2,stop_loss,18.86305,0.54285,0.07277,1.42856,new_york,2023
USDJPY,-1,2023-08-11 16:00:00,2023-08-14 16:00:00,144.806,145.42359,145.42359,143.57082,0.2394,-61.8,-134.54,-134.77,6,stop_loss,19.40958,0.41173,4.0296,3.40165,new_york,2023
USDJPY,-1,2023-08-15 12:00:00,2023-08-16 20:00:00,145.648,146.20944,146.20944,144.52511,0.2607,-56.1,-133.2,-133.42,8,stop_loss,28.84223,0.3743,4.68525,4.78647,london,2023
USDJPY,1,2023-08-22 20:00:00,2023-08-23 16:00:00,145.844,145.22492,145.22492,147.08215,0.234,-61.9,-131.83,-132.05,5,stop_loss,15.90544,0.41272,1.38083,5.23388,new_york,2023
USDJPY,-1,2023-08-28 04:00:00,2023-08-29 12:00:00,146.518,147.12009,147.12009,145.31382,0.2382,-60.2,-130.51,-130.74,8,stop_loss,22.08386,0.40139,2.40156,4.89597,tokyo,2023
USDJPY,-1,2023-09-01 00:00:00,2023-09-01 16:00:00,145.522,146.16068,146.16068,144.24463,0.2223,-63.9,-129.2,-129.43,4,stop_loss,17.21498,0.42579,-0.84566,4.17339,tokyo,2023
USDJPY,1,2023-09-04 16:00:00,2023-09-05 20:00:00,146.452,147.74389,145.80606,147.74389,0.2176,129.2,255.81,255.59,7,take_profit,14.0851,0.43063,1.26772,3.75778,new_york,2023
USDJPY,1,2023-09-06 04:00:00,2023-09-06 08:00:00,147.775,147.18983,147.18983,148.94534,0.245,-58.5,-130.46,-130.69,1,stop_loss,18.32868,0.39011,3.8646,4.46575,tokyo,2023
USDJPY,-1,2023-09-07 12:00:00,2023-09-11 04:00:00,147.454,146.30221,148.0299,146.30221,0.2465,115.2,258.36,258.14,10,take_profit,18.71382,0.38393,2.19506,4.83216,london,2023
USDJPY,-1,2023-09-12 20:00:00,2023-09-14 12:00:00,147.179,147.408,147.80503,145.92693,0.2313,-22.9,-48.2,-48.43,10,time_exit,17.58359,0.41736,0.90665,3.92908,new_york,2023
USDJPY,-1,2023-09-15 12:00:00,2023-09-19 04:00:00,147.778,147.75,148.29429,146.74542,0.2794,2.8,7.12,6.89,10,time_exit,13.80139,0.34419,2.06679,4.5984,london,2023
USDJPY,-1,2023-09-20 04:00:00,2023-09-20 08:00:00,147.742,148.10816,148.10816,147.00967,0.3942,-36.6,-131.35,-131.58,1,stop_loss,14.47778,0.24411,1.44179,6.42949,tokyo,2023
USDJPY,1,2023-09-25 20:00:00,2023-09-27 12:00:00,148.848,149.188,148.39379,149.75642,0.3146,34.0,97.34,97.11,10,time_exit,19.19615,0.30281,3.23443,5.23988,new_york,2023
USDJPY,1,2023-10-05 04:00:00,2023-10-06 20:00:00,148.544,149.241,147.90612,149.81976,0.2257,69.7,143.15,142.93,10,time_exit,40.10376,0.42525,-1.21144,3.99919,tokyo,2023
USDJPY,-1,2023-10-12 00:00:00,2023-10-12 16:00:00,149.145,149.69109,149.69109,148.05283,0.2665,-54.6,-132.43,-132.66,4,stop_loss,23.66632,0.36406,0.68559,3.2655,tokyo,2023
USDJPY,1,2023-10-16 12:00:00,2023-10-17 12:00:00,149.496,149.07929,149.07929,150.32943,0.3457,-41.7,-131.09,-131.32,6,stop_loss,14.39587,0.27781,1.09372,4.35177,london,2023
USDJPY,-1,2023-10-20 04:00:00,2023-10-23 20:00:00,149.85,149.713,150.17914,149.19171,0.4333,13.7,54.02,53.79,10,time_exit,20.80387,0.21943,1.51095,5.41588,tokyo,2023
USDJPY,-1,2023-10-25 20:00:00,2023-10-26 04:00:00,149.97,150.23084,150.23084,149.44832,0.5491,-26.1,-130.34,-130.56,2,stop_loss,29.50385,0.17389,1.51861,6.20276,new_york,2023
USDJPY,1,2023-10-27 08:00:00,2023-10-27 12:00:00,150.174,149.79257,149.79257,150.93685,0.3717,-38.1,-129.02,-129.24,1,stop_loss,32.15698,0.25428,1.12453,4.39766,tokyo,2023
USDJPY,-1,2023-10-31 20:00:00,2023-11-02 00:00:00,151.699,150.3836,152.3567,150.3836,0.2134,131.5,255.44,255.22,7,take_profit,28.47104,0.43847,4.04909,2.26488,new_york,2023
USDJPY,-1,2023-11-06 00:00:00,2023-11-06 20:00:00,149.319,149.97253,149.97253,148.01193,0.2191,-65.4,-130.3,-130.53,5,stop_loss,22.20606,0.43569,-1.88292,2.23495,tokyo,2023
USDJPY,1,2023-11-08 04:00:00,2023-11-09 20:00:00,150.543,151.341,150.04237,151.54426,0.2831,79.8,205.58,205.35,10,time_exit,17.83962,0.33375,1.13663,2.56451,tokyo,2023
USDJPY,1,2023-11-10 00:00:00,2023-11-13 16:00:00,151.333,151.637,150.90222,152.19457,0.3343,30.4,92.48,92.25,10,time_exit,23.40297,0.28719,3.0754,3.38235,tokyo,2023
USDJPY,1,2023-11-14 08:00:00,2023-11-14 12:00:00,151.708,151.34518,151.34518,152.43365,0.3997,-36.3,-131.97,-132.2,1,stop_loss,23.77257,0.24188,3.12764,4.92255,tokyo,2023
USDJPY,1,2023-11-17 20:00:00,2023-11-20 04:00:00,149.703,149.06297,149.06297,150.98306,0.2243,-64.0,-130.64,-130.87,2,stop_loss,39.79588,0.42669,-2.48312,1.93738,new_york,2023
USDJPY,-1,2023-11-20 08:00:00,2023-11-21 04:00:00,149.081,147.71399,149.76451,147.71399,0.2079,136.7,258.62,258.4,5,take_profit,42.47554,0.45567,-3.34636,1.50784,tokyo,2023
USDJPY,1,2023-11-27 00:00:00,2023-11-27 08:00:00,149.412,148.83954,148.83954,150.55691,0.2532,-57.2,-131.9,-132.13,2,stop_loss,17.10846,0.38164,-0.36871,-0.30625,tokyo,2023
USDJPY,1,2023-11-28 00:00:00,2023-11-28 04:00:00,148.67,148.02873,148.02873,149.95254,0.2238,-64.1,-130.6,-130.83,1,stop_loss,20.52478,0.42751,-1.76846,-0.4655,tokyo,2023
USDJPY,1,2023-12-14 16:00:00,2023-12-18 08:00:00,141.863,142.495,140.6046,144.3798,0.1129,63.2,64.93,64.7,10,time_exit,42.95872,0.83893,-4.14254,-2.77553,new_york,2023
USDJPY,-1,2023-12-20 04:00:00,2023-12-21 20:00:00,143.84,142.122,144.92494,141.67013,0.1316,171.8,205.74,205.51,10,time_exit,29.43758,0.72329,-0.18902,-3.82796,tokyo,2023
USDJPY,-1,2023-12-21 20:00:00,2023-12-26 12:00:00,142.269,142.373,143.23266,140.34167,0.1505,-10.4,-14.24,-14.47,10,time_exit,19.22083,0.64244,-2.20209,-4.23079,new_york,2023
USDJPY,-1,2023-12-26 20:00:00,2023-12-28 08:00:00,142.474,141.04175,143.19013,141.04175,0.2023,143.2,263.67,263.44,9,take_profit,21.12413,0.47742,-1.45766,-5.80469,new_york,2023
USDJPY,1,2024-01-15 16:00:00,2024-01-17 00:00:00,145.783,147.33075,145.00912,147.33075,0.1909,154.8,268.87,268.65,8,take_profit,22.07567,0.51592,2.32376,-0.53958,new_york,2024
USDJPY,1,2024-01-17 00:00:00,2024-01-18 16:00:00,147.168,148.222,146.44341,148.61718,0.208,105.4,199.5,199.27,10,time_exit,33.52646,0.48306,4.3161,0.23475,tokyo,2024
USDJPY,1,2024-01-23 20:00:00,2024-01-24 04:00:00,148.6,147.85431,147.85431,150.09138,0.2051,-74.6,-139.18,-139.4,2,stop_loss,29.62587,0.49713,2.96062,2.76254,new_york,2024
USDJPY,-1,2024-01-24 16:00:00,2024-01-24 20:00:00,146.778,147.55432,147.55432,145.22537,0.195,-77.6,-137.76,-137.98,1,stop_loss,25.01005,0.51754,-0.88416,2.66525,new_york,2024
USDJPY,1,2024-01-26 20:00:00,2024-01-29 20:00:00,147.992,147.26749,147.26749,149.44103,0.2068,-72.5,-136.34,-136.57,6,stop_loss,25.70868,0.48301,1.21442,2.77011,new_york,2024
USDJPY,-1,2024-02-01 20:00:00,2024-02-02 12:00:00,146.362,147.22591,147.22591,144.63418,0.1717,-86.4,-134.98,-135.21,4,stop_loss,37.49123,0.57594,-1.67628,1.70298,new_york,2024
USDJPY,1,2024-02-02 20:00:00,2024-02-06 12:00:00,148.527,148.622,147.62268,150.33563,0.1624,9.5,14.04,13.81,10,time_exit,37.54716,0.60288,2.06724,1.48323,new_york,2024
USDJPY,1,2024-02-13 04:00:00,2024-02-13 12:00:00,149.368,150.28304,148.91048,150.28304,0.3214,91.5,267.63,267.4,2,take_profit,21.31032,0.30501,2.66209,4.62501,tokyo,2024
USDJPY,-1,2024-02-15 12:00:00,2024-02-16 12:00:00,150.028,150.51833,150.51833,149.04734,0.3058,-49.0,-136.45,-136.67,6,stop_loss,28.00028,0.32689,2.13003,5.40398,london,2024
USDJPY,1,2024-02-16 16:00:00,2024-02-19 00:00:00,150.52,150.00375,150.00375,151.55251,0.2876,-51.6,-135.11,-135.34,2,stop_loss,20.53435,0.34417,2.87642,5.20459,new_york,2024
USDJPY,-1,2024-02-21 00:00:00,2024-02-21 16:00:00,149.88,150.28715,150.28715,149.06569,0.361,-40.7,-133.75,-133.98,4,stop_loss,16.09922,0.27144,0.7964,6.36611,tokyo,2024
USDJPY,1,2024-02-26 00:00:00,2024-02-27 12:00:00,150.487,150.09248,150.09248,151.27604,0.3688,-39.5,-132.4,-132.63,9,stop_loss,15.16944,0.26301,1.68489,6.32572,tokyo,2024
USDJPY,-1,2024-03-08 12:00:00,2024-03-12 04:00:00,147.135,147.386,147.82589,145.75322,0.2085,-25.1,-47.62,-47.85,10,time_exit,50.62331,0.46059,-5.10543,0.99589,london,2024
USDJPY,-1,2024-03-12 04:00:00,2024-03-12 08:00:00,146.871,147.54696,147.54696,145.51908,0.2123,-67.6,-130.59,-130.82,1,stop_loss,63.73348,0.45064,-3.90634,-0.42968,tokyo,2024
USDJPY,-1,2024-03-18 08:00:00,2024-03-19 04:00:00,149.115,149.72254,149.72254,147.89992,0.2339,-60.8,-129.31,-129.54,5,stop_loss,21.91467,0.40503,1.77412,-0.68353,tokyo,2024
USDJPY,1,2024-03-19 12:00:00,2024-03-20 08:00:00,150.338,151.58141,149.7163,151.58141,0.2262,124.3,255.95,255.72,5,take_profit,25.43892,0.41447,4.04821,-0.15888,london,2024
USDJPY,1,2024-03-20 16:00:00,2024-03-20 20:00:00,151.762,151.16757,151.16757,152.95085,0.2414,-59.4,-130.58,-130.81,1,stop_loss,41.64734,0.39628,6.26547,0.97862,new_york,2024
USDJPY,-1,2024-04-02 08:00:00,2024-04-04 00:00:00,151.766,151.569,152.09705,151.10389,0.429,19.7,76.91,76.68,10,time_exit,12.84705,0.2207,2.76304,5.65554,tokyo,2024
USDJPY,-1,2024-04-04 12:00:00,2024-04-04 20:00:00,151.714,151.13738,152.00231,151.13738,0.4956,57.7,260.05,259.83,2,take_profit,9.25362,0.19221,1.83527,6.4466,london,2024
USDJPY,1,2024-04-12 12:00:00,2024-04-12 16:00:00,153.309,152.85622,152.85622,154.21455,0.3219,-45.3,-132.63,-132.86,1,stop_loss,35.48482,0.30185,3.87399,4.61495,london,2024
USDJPY,-1,2024-04-16 04:00:00,2024-04-17 20:00:00,154.29,154.372,154.83749,153.19502,0.2635,-8.2,-19.66,-19.89,10,time_exit,30.69951,0.36499,4.39609,4.52821,tokyo,2024
USDJPY,1,2024-04-19 08:00:00,2024-04-23 00:00:00,154.322,154.786,153.81108,155.34383,0.2819,46.4,119.03,118.8,10,time_exit,18.72522,0.34061,1.98357,5.9143,tokyo,2024
USDJPY,-1,2024-04-25 04:00:00,2024-04-25 08:00:00,155.376,155.72457,155.72457,154.67885,0.417,-34.9,-132.27,-132.5,1,stop_loss,23.50907,0.23238,4.27758,9.00592,tokyo,2024
USDJPY,-1,2024-04-26 16:00:00,2024-04-26 20:00:00,156.835,157.45458,157.45458,155.59583,0.2323,-62.0,-130.98,-131.2,1,stop_loss,28.99741,0.41306,4.7776,5.46578,new_york,2024
USDJPY,-1,2024-04-30 16:00:00,2024-05-01 20:00:00,157.456,154.7548,158.8066,154.7548,0.1055,270.1,259.33,259.1,7,take_profit,23.926,0.9004,2.02842,2.82192,new_york,2024
USDJPY,-1,2024-05-15 20:00:00,2024-05-16 00:00:00,154.982,153.6468,155.6496,153.6468,0.2177,133.5,264.51,264.29,1,take_profit,21.32951,0.44507,-1.41085,3.14752,new_york,2024
USDJPY,1,2024-05-27 04:00:00,2024-05-28 20:00:00,156.834,157.192,156.42638,157.64924,0.3636,35.8,118.45,118.23,10,time_exit,19.81999,0.27175,1.91743,5.10584,tokyo,2024
USDJPY,1,2024-05-30 00:00:00,2024-05-30 04:00:00,157.622,157.21905,157.21905,158.42789,0.371,-40.3,-136.04,-136.27,1,stop_loss,13.60861,0.26863,3.58984,5.36952,tokyo,2024
USDJPY,1,2024-05-30 04:00:00,2024-05-30 08:00:00,157.367,156.95341,156.95341,158.19419,0.3579,-41.4,-134.7,-134.93,1,stop_loss,12.67839,0.27573,2.31491,5.24976,tokyo,2024
USDJPY,1,2024-06-03 00:00:00,2024-06-03 16:00:00,157.112,156.53818,156.53818,158.25964,0.2554,-57.4,-133.36,-133.59,4,stop_loss,16.38148,0.38255,1.18467,3.53852,tokyo,2024
USDJPY,1,2024-06-06 16:00:00,2024-06-06 20:00:00,156.282,155.52681,155.52681,157.79238,0.1921,-75.5,-132.02,-132.24,1,stop_loss,24.18656,0.50346,-0.06298,1.49117,new_york,2024
USDJPY,1,2024-06-18 00:00:00,2024-06-19 16:00:00,157.722,157.933,157.0515,159.06299,0.2142,21.1,41.13,40.9,10,time_exit,15.54374,0.447,1.56743,2.09979,tokyo,2024
USDJPY,-1,2024-06-21 12:00:00,2024-06-21 16:00:00,158.831,159.30608,159.30608,157.88085,0.3032,-47.5,-131.08,-131.31,1,stop_loss,28.31938,0.31672,3.4259,3.97915,london,2024
USDJPY,1,2024-06-26 20:00:00,2024-06-28 12:00:00,160.638,160.513,160.10604,161.70193,0.2681,-12.5,-30.5,-30.72,10,time_exit,22.66075,0.35464,5.03381,5.02344,new_york,2024
USDJPY,-1,2024-07-03 20:00:00,2024-07-05 12:00:00,161.535,160.47152,162.06674,160.47152,0.2676,106.3,258.97,258.75,10,take_profit,31.71513,0.35449,2.75077,6.82589,new_york,2024
USDJPY,1,2024-07-23 00:00:00,2024-07-23 08:00:00,156.982,156.18649,156.18649,158.57301,0.1824,-79.6,-132.04,-132.27,2,stop_loss,39.08698,0.53034,-1.78753,-0.93098,tokyo,2024
USDJPY,-1,2024-07-26 00:00:00,2024-07-29 16:00:00,153.933,153.944,155.10281,151.59339,0.1228,-1.1,-1.23,-1.46,10,time_exit,54.25448,0.77987,-2.83034,-2.18395,tokyo,2024
USDJPY,-1,2024-07-29 20:00:00,2024-07-30 08:00:00,153.944,155.03345,155.03345,151.7651,0.1319,-108.9,-130.77,-130.99,3,stop_loss,40.33661,0.7263,-1.90203,-2.90414,new_york,2024
USDJPY,1,2024-07-30 20:00:00,2024-07-31 00:00:00,153.237,152.13673,152.13673,155.43754,0.1293,-110.0,-129.46,-129.69,1,stop_loss,31.34164,0.73351,-2.52371,-2.94454,new_york,2024
USDJPY,1,2024-07-31 08:00:00,2024-07-31 12:00:00,152.555,151.25072,151.25072,155.16356,0.1079,-130.4,-128.07,-128.29,1,stop_loss,30.89366,0.86952,-2.58342,-2.65344,tokyo,2024
USDJPY,1,2024-08-06 08:00:00,2024-08-08 00:00:00,145.52,146.005,143.24927,150.06146,0.0614,48.5,27.1,26.87,10,time_exit,38.16534,1.51382,-2.90266,-3.38263,tokyo,2024
USDJPY,-1,2024-08-13 12:00:00,2024-08-15 04:00:00,147.845,147.271,148.98282,145.56937,0.1228,57.4,64.14,63.92,10,time_exit,15.75856,0.75854,0.07911,-6.64881,london,2024
USDJPY,1,2024-08-16 16:00:00,2024-08-19 04:00:00,147.688,146.62931,146.62931,149.80539,0.1326,-105.9,-127.75,-127.98,3,stop_loss,16.25611,0.7058,-0.21992,-5.82649,new_york,2024
USDJPY,-1,2024-08-20 00:00:00,2024-08-21 16:00:00,146.55,145.193,147.63187,144.38625,0.1285,135.7,158.68,158.45,10,time_exit,19.70106,0.72125,-1.33522,-5.54462,tokyo,2024
USDJPY,1,2024-08-29 04:00:00,2024-08-30 16:00:00,144.431,146.17008,143.56146,146.17008,0.1618,173.9,256.06,255.83,9,take_profit,29.51743,0.57969,-1.5576,-6.82482,tokyo,2024
USDJPY,1,2024-09-02 16:00:00,2024-09-03 08:00:00,146.983,146.15341,146.15341,148.64219,0.173,-83.0,-130.6,-130.83,4,stop_loss,27.2594,0.55306,2.71182,-5.94591,new_york,2024
USDJPY,1,2024-09-03 08:00:00,2024-09-03 16:00:00,146.536,145.74276,145.74276,148.12249,0.1791,-79.3,-129.28,-129.51,2,stop_loss,32.5921,0.52883,1.60877,-5.69538,tokyo,2024
USDJPY,1,2024-09-10 20:00:00,2024-09-11 04:00:00,142.463,141.38331,141.38331,144.62238,0.1303,-108.0,-128.02,-128.25,2,stop_loss,20.00222,0.71979,-2.16972,-4.51315,new_york,2024
USDJPY,-1,2024-09-11 12:00:00,2024-09-12 00:00:00,141.534,142.66693,142.66693,139.26813,0.1229,-113.3,-126.71,-126.93,3,stop_loss,22.83544,0.75529,-2.86659,-4.44998,london,2024
USDJPY,1,2024-09-16 04:00:00,2024-09-17 20:00:00,140.528,142.398,139.46591,142.65217,0.1298,187.0,220.88,220.65,10,time_exit,26.8457,0.70806,-3.04396,-5.05109,tokyo,2024
USDJPY,-1,2024-09-18 20:00:00,2024-09-19 00:00:00,141.884,142.8658,142.8658,139.9204,0.1429,-98.2,-127.67,-127.9,1,stop_loss,22.62726,0.65453,-0.13754,-5.38147,new_york,2024
USDJPY,-1,2024-09-20 00:00:00,2024-09-20 12:00:00,142.619,143.93017,143.93017,139.99666,0.1059,-131.1,-126.36,-126.58,3,stop_loss,15.75819,0.87411,0.45857,-3.54426,tokyo,2024
USDJPY,-1,2024-09-24 20:00:00,2024-09-25 20:00:00,143.464,144.62137,144.62137,141.14926,0.1188,-115.7,-125.12,-125.35,6,stop_loss,14.03583,0.77158,0.68248,-2.75473,new_york,2024
USDJPY,-1,2024-09-30 00:00:00,2024-09-30 20:00:00,142.188,143.48128,143.48128,139.60143,0.1052,-129.3,-123.81,-124.04,5,stop_loss,20.71487,0.86219,-1.55258,-1.60185,tokyo,2024
USDJPY,1,2024-10-03 20:00:00,2024-10-04 16:00:00,146.719,148.95878,145.59911,148.95878,0.1203,224.0,245.2,244.97,5,take_profit,26.64866,0.74659,3.17632,-0.64835,new_york,2024
USDJPY,1,2024-10-07 00:00:00,2024-10-08 04:00:00,148.683,147.56068,147.56068,150.92765,0.1225,-112.2,-125.11,-125.34,7,stop_loss,33.31827,0.74822,4.75257,0.16079,tokyo,2024
USDJPY,-1,2024-10-08 04:00:00,2024-10-09 12:00:00,147.824,148.81534,148.81534,145.84132,0.1372,-99.1,-123.77,-124.0,8,stop_loss,33.86962,0.66089,2.93937,0.98627,tokyo,2024
USDJPY,1,2024-10-15 20:00:00,2024-10-17 12:00:00,149.449,149.835,148.7753,150.79639,0.1999,38.6,70.22,69.99,10,time_exit,23.62402,0.44913,2.60852,4.37415,new_york,2024
USDJPY,-1,2024-10-23 12:00:00,2024-10-23 16:00:00,152.416,153.09191,153.09191,151.06418,0.2004,-67.6,-123.26,-123.49,1,stop_loss,31.22793,0.45061,5.62795,5.41608,london,2024
USDJPY,-1,2024-10-23 16:00:00,2024-10-24 20:00:00,153.069,151.64639,153.78031,151.64639,0.1885,142.3,244.03,243.8,7,take_profit,34.21641,0.4742,6.45916,5.29207,new_york,2024
USDJPY,1,2024-10-24 20:00:00,2024-10-28 00:00:00,151.691,153.15837,150.95732,153.15837,0.1864,146.7,248.9,248.67,7,take_profit,36.59364,0.48912,2.30572,5.60435,new_york,2024
USDJPY,-1,2024-11-04 00:00:00,2024-11-05 16:00:00,152.262,151.684,153.20373,150.37854,0.1482,57.8,77.95,77.72,10,time_exit,21.99381,0.62782,1.02707,4.66712,tokyo,2024
USDJPY,1,2024-11-07 12:00:00,2024-11-07 16:00:00,153.949,152.99647,152.99647,155.85405,0.1474,-95.3,-127.77,-127.99,1,stop_loss,25.69522,0.63502,1.87382,4.27906,london,2024
USDJPY,-1,2024-11-08 04:00:00,2024-11-11 20:00:00,153.094,153.727,154.05849,151.16501,0.1441,-63.3,-83.01,-83.23,10,time_exit,21.6607,0.643,0.43903,4.12124,tokyo,2024
USDJPY,1,2024-11-12 00:00:00,2024-11-13 16:00:00,153.711,155.35868,152.88716,155.35868,0.1676,164.8,251.3,251.07,10,take_profit,17.69593,0.54923,1.39373,4.52269,tokyo,2024
USDJPY,1,2024-11-18 08:00:00,2024-11-19 08:00:00,154.597,153.58409,153.58409,156.62283,0.139,-101.3,-128.12,-128.35,6,stop_loss,24.87802,0.67528,0.29102,4.2301,tokyo,2024
USDJPY,1,2024-11-22 20:00:00,2024-11-25 00:00:00,154.757,153.83904,153.83904,156.59293,0.1519,-91.8,-126.89,-127.12,1,stop_loss,20.15143,0.61198,0.26292,3.76758,new_york,2024
USDJPY,1,2024-11-29 08:00:00,2024-12-02 16:00:00,150.104,149.10918,149.10918,152.09365,0.1387,-99.5,-125.56,-125.79,8,stop_loss,49.17951,0.66322,-4.39254,1.01785,tokyo,2024
USDJPY,1,2024-12-10 12:00:00,2024-12-12 04:00:00,151.598,152.495,150.73769,153.31862,0.1588,89.7,129.62,129.4,10,time_exit,20.30074,0.57354,1.29507,-1.32321,london,2024
USDJPY,-1,2024-12-16 12:00:00,2024-12-18 04:00:00,153.804,153.356,154.58512,152.24175,0.1767,44.8,72.04,71.81,10,time_exit,30.16483,0.52075,3.29466,0.45732,london,2024
USDJPY,-1,2024-12-20 16:00:00,2024-12-24 08:00:00,156.519,157.09,157.47681,154.60339,0.1449,-57.1,-75.29,-75.52,10,time_exit,45.46793,0.63854,3.71567,2.48003,new_york,2024
