symbol,entry_dt,exit_dt,entry,exit,stop_loss,take_profit,size,pnl_pips,pnl_gross,pnl,bars_held,exit_reason,adx_entry,atr_entry,ema_distance,trend_gap,session,year
XAUUSD,2019-02-19 04:00:00,2019-02-19 16:00:00,1324.78,1335.50437,1319.41781,1335.50437,1.8649,107.2,200.0,199.6,3,take_profit,16.13329,3.57479,2.78241,3.43771,,2019
XAUUSD,2019-02-22 12:00:00,2019-02-26 04:00:00,1323.37,1328.59,1316.38244,1337.34513,1.4597,52.2,76.2,75.8,10,time_exit,28.80778,4.65838,-0.41471,3.64549,london,2019
XAUUSD,2019-02-26 04:00:00,2019-02-27 16:00:00,1327.76,1320.89801,1320.89801,1341.48397,1.4974,-68.6,-102.75,-103.15,9,stop_loss,21.35001,4.57466,0.26135,3.55351,,2019
XAUUSD,2019-02-28 16:00:00,2019-02-28 20:00:00,1320.96,1314.28158,1314.28158,1334.31685,1.5232,-66.8,-101.73,-102.13,1,stop_loss,20.85101,4.45228,-1.00504,2.95415,new_york,2019
XAUUSD,2019-03-01 16:00:00,2019-03-01 20:00:00,1305.75,1298.81976,1298.81976,1319.61048,1.4531,-69.3,-100.7,-101.1,1,stop_loss,24.17475,4.62016,-3.60023,2.19877,new_york,2019
XAUUSD,2019-03-05 16:00:00,2019-03-07 08:00:00,1285.9,1286.27,1278.55792,1300.58416,1.3578,3.7,5.02,4.62,10,time_exit,49.18945,4.89472,-4.87189,0.01599,new_york,2019
XAUUSD,2019-03-13 12:00:00,2019-03-14 12:00:00,1306.63,1300.75081,1300.75081,1318.38838,1.6964,-58.8,-99.73,-100.13,6,stop_loss,26.90283,3.91946,2.058,-1.59075,london,2019
XAUUSD,2019-03-15 12:00:00,2019-03-19 04:00:00,1302.74,1307.74,1296.65286,1314.91428,1.622,50.0,81.1,80.7,10,time_exit,24.64092,4.05809,0.76672,-1.18883,london,2019
XAUUSD,2019-03-19 04:00:00,2019-03-20 16:00:00,1304.93,1299.2958,1299.2958,1316.1984,1.7667,-56.3,-99.54,-99.94,9,stop_loss,20.11357,3.75613,1.12592,-0.96055,,2019
XAUUSD,2019-03-20 16:00:00,2019-03-20 20:00:00,1307.71,1302.04151,1302.04151,1319.04698,1.7384,-56.7,-98.54,-98.94,1,stop_loss,21.01716,3.77899,1.43604,-0.57262,new_york,2019
XAUUSD,2019-03-21 20:00:00,2019-03-25 12:00:00,1306.02,1319.42,1297.79211,1322.47579,1.1856,134.0,158.87,158.47,10,time_exit,21.32493,5.48526,0.20581,-0.02139,new_york,2019
XAUUSD,2019-03-28 20:00:00,2019-04-01 12:00:00,1290.72,1294.83,1283.02053,1306.11893,1.2876,41.1,52.92,52.52,10,time_exit,18.91362,5.13298,-3.76681,0.57713,new_york,2019
XAUUSD,2019-04-04 16:00:00,2019-04-08 04:00:00,1284.92,1297.01635,1278.87182,1297.01635,1.6478,121.0,199.32,198.92,9,take_profit,18.69079,4.03212,-2.94311,-1.54248,new_york,2019
XAUUSD,2019-04-08 04:00:00,2019-04-09 20:00:00,1293.91,1304.06,1287.56529,1306.59942,1.6022,101.5,162.62,162.22,10,time_exit,23.33904,4.22981,-0.26946,-1.63458,,2019
XAUUSD,2019-04-10 20:00:00,2019-04-11 08:00:00,1309.96,1303.95447,1303.95447,1321.97106,1.7197,-60.1,-103.28,-103.68,3,stop_loss,27.41314,4.00369,2.87127,-0.87298,new_york,2019
XAUUSD,2019-04-15 16:00:00,2019-04-16 12:00:00,1285.15,1279.11283,1279.11283,1297.22433,1.6935,-60.4,-102.24,-102.64,5,stop_loss,29.77492,4.02478,-2.729,-1.16355,new_york,2019
XAUUSD,2019-04-16 16:00:00,2019-04-18 04:00:00,1279.18,1273.06549,1273.06549,1291.40902,1.6553,-61.1,-101.21,-101.61,9,stop_loss,35.11657,4.07634,-3.59349,-1.49543,new_york,2019
XAUUSD,2019-04-18 12:00:00,2019-04-23 04:00:00,1275.92,1274.56,1270.53302,1286.69397,1.86,-13.6,-25.3,-25.7,10,time_exit,46.3413,3.59132,-3.13142,-2.83497,london,2019
XAUUSD,2019-05-01 00:00:00,2019-05-01 20:00:00,1283.16,1277.66662,1277.66662,1294.14676,1.8193,-54.9,-99.94,-100.34,5,stop_loss,16.36023,3.66225,0.69784,-2.61196,,2019
XAUUSD,2019-05-02 00:00:00,2019-05-02 12:00:00,1276.52,1270.02752,1270.02752,1289.50496,1.5238,-64.9,-98.93,-99.33,3,stop_loss,14.53671,4.32832,-0.95195,-2.10477,,2019
XAUUSD,2019-05-14 00:00:00,2019-05-15 08:00:00,1300.13,1293.53932,1293.53932,1313.31137,1.4861,-65.9,-97.94,-98.34,8,stop_loss,21.8613,4.39379,3.50946,-0.64832,,2019
XAUUSD,2019-05-17 00:00:00,2019-05-17 16:00:00,1286.82,1280.60315,1280.60315,1299.25371,1.5596,-62.2,-96.96,-97.36,4,stop_loss,18.8424,4.14457,-0.81309,0.32716,,2019
XAUUSD,2019-05-17 20:00:00,2019-05-21 12:00:00,1275.85,1271.97,1269.4522,1288.64561,1.5003,-38.8,-58.21,-58.61,10,time_exit,22.96666,4.2652,-3.04458,0.10472,new_york,2019
XAUUSD,2019-05-22 12:00:00,2019-05-23 16:00:00,1274.45,1284.174,1269.588,1284.174,1.9621,97.2,190.79,190.39,7,take_profit,41.21796,3.24133,-2.46182,-1.25291,london,2019
XAUUSD,2019-05-24 20:00:00,2019-05-28 12:00:00,1284.56,1279.19695,1279.19695,1295.28609,1.8143,-53.6,-97.3,-97.7,10,stop_loss,29.90089,3.57536,0.84968,-1.14343,new_york,2019
XAUUSD,2019-05-30 16:00:00,2019-05-31 00:00:00,1281.29,1291.38687,1276.24157,1291.38687,1.908,101.0,192.65,192.25,2,take_profit,16.57713,3.36562,-0.11711,-0.95853,new_york,2019
XAUUSD,2019-06-03 08:00:00,2019-06-03 20:00:00,1312.58,1324.9123,1306.41385,1324.9123,1.5933,123.3,196.49,196.09,3,take_profit,34.51954,4.11077,6.10826,0.31134,london,2019
XAUUSD,2019-06-05 20:00:00,2019-06-07 12:00:00,1328.78,1341.55,1319.08013,1348.17975,1.0331,127.7,131.93,131.53,10,time_exit,54.81526,6.46658,3.69642,2.04155,new_york,2019
XAUUSD,2019-06-11 00:00:00,2019-06-12 16:00:00,1328.29,1332.56,1319.59139,1345.68721,1.1671,42.7,49.84,49.44,10,time_exit,42.27654,5.79907,1.36521,3.64488,,2019
XAUUSD,2019-06-19 00:00:00,2019-06-20 00:00:00,1346.41,1365.25017,1336.98992,1365.25017,1.083,188.4,204.04,203.64,6,take_profit,28.44359,6.28006,1.76257,3.912,,2019
XAUUSD,2019-06-20 20:00:00,2019-06-24 12:00:00,1387.86,1405.88,1375.01922,1413.54156,0.8103,180.2,146.02,145.62,10,time_exit,40.74497,8.56052,4.92167,3.4369,new_york,2019
XAUUSD,2019-06-24 20:00:00,2019-06-26 12:00:00,1415.06,1409.46,1400.0825,1445.015,0.7045,-56.0,-39.45,-39.85,10,time_exit,55.79148,9.985,4.83594,4.10117,new_york,2019
XAUUSD,2019-07-01 20:00:00,2019-07-02 20:00:00,1386.5,1415.05747,1372.22127,1415.05747,0.7361,285.6,210.21,209.81,6,take_profit,30.82234,9.51916,-0.93012,5.01331,new_york,2019
XAUUSD,2019-07-05 00:00:00,2019-07-05 12:00:00,1415.41,1403.6166,1403.6166,1438.99679,0.9091,-117.9,-107.21,-107.61,3,stop_loss,22.60039,7.86226,1.39095,5.82485,,2019
XAUUSD,2019-07-12 08:00:00,2019-07-16 00:00:00,1407.65,1414.37,1395.89939,1431.15121,0.9032,67.2,60.7,60.3,10,time_exit,18.44997,7.83374,0.27488,4.36675,london,2019
XAUUSD,2019-07-16 08:00:00,2019-07-16 16:00:00,1414.16,1403.9353,1403.9353,1434.60941,1.0439,-102.2,-106.74,-107.14,2,stop_loss,11.78468,6.81647,0.85461,4.74636,london,2019
XAUUSD,2019-07-17 16:00:00,2019-07-17 20:00:00,1406.04,1426.35578,1395.88211,1426.35578,1.0402,203.2,211.32,210.92,1,take_profit,14.30798,6.77193,-0.28194,4.37236,new_york,2019
XAUUSD,2019-07-18 00:00:00,2019-07-18 12:00:00,1426.45,1415.22934,1415.22934,1448.89131,0.9605,-112.2,-107.77,-108.17,3,stop_loss,15.31286,7.48044,2.29027,4.00485,,2019
XAUUSD,2019-07-19 12:00:00,2019-07-19 16:00:00,1439.69,1426.50709,1426.50709,1466.05582,0.8093,-131.8,-106.69,-107.09,1,stop_loss,22.44009,8.78861,2.66161,3.69405,london,2019
XAUUSD,2019-07-23 00:00:00,2019-07-24 16:00:00,1425.33,1422.42,1413.65563,1448.67873,0.9047,-29.1,-26.33,-26.73,10,time_exit,14.87212,7.78291,0.67476,4.09782,,2019
XAUUSD,2019-07-24 16:00:00,2019-07-25 16:00:00,1424.94,1414.5525,1414.5525,1445.715,1.0143,-103.9,-105.36,-105.76,6,stop_loss,12.45202,6.925,0.71993,4.22405,new_york,2019
XAUUSD,2019-08-01 12:00:00,2019-08-01 20:00:00,1404.94,1425.09911,1394.86044,1425.09911,1.0347,201.6,208.59,208.19,2,take_profit,22.27506,6.7197,-2.37271,3.14172,london,2019
XAUUSD,2019-08-05 04:00:00,2019-08-06 00:00:00,1443.39,1472.89244,1428.63878,1472.89244,0.7212,295.0,212.77,212.37,5,take_profit,25.82702,9.83415,1.79799,2.29885,,2019
XAUUSD,2019-08-07 16:00:00,2019-08-09 08:00:00,1497.41,1502.47,1481.80377,1528.62245,0.6953,50.6,35.18,34.78,10,time_exit,40.89658,10.40415,4.86897,3.28583,new_york,2019
XAUUSD,2019-08-09 08:00:00,2019-08-12 08:00:00,1506.39,1490.23245,1490.23245,1538.7051,0.6737,-161.6,-108.85,-109.25,6,stop_loss,47.33823,10.7717,3.88682,4.04584,london,2019
XAUUSD,2019-08-12 20:00:00,2019-08-13 12:00:00,1505.72,1534.31311,1491.42345,1534.31311,0.7537,285.9,215.51,215.11,4,take_profit,38.88189,9.53104,3.17674,5.00012,new_york,2019
XAUUSD,2019-08-20 04:00:00,2019-08-21 20:00:00,1497.09,1502.52,1482.77875,1525.7125,0.768,54.3,41.7,41.3,10,time_exit,21.75598,9.54083,-0.33867,5.21978,,2019
XAUUSD,2019-08-26 12:00:00,2019-08-28 04:00:00,1526.96,1535.47,1512.28143,1556.31715,0.7516,85.1,63.96,63.56,10,time_exit,26.06365,9.78572,2.10674,4.36913,london,2019
XAUUSD,2019-09-04 00:00:00,2019-09-04 12:00:00,1546.91,1534.0147,1534.0147,1572.7006,0.8605,-129.0,-110.96,-111.36,3,stop_loss,17.15548,8.59687,2.45529,4.77364,,2019
XAUUSD,2019-09-06 12:00:00,2019-09-10 00:00:00,1508.28,1493.86052,1493.86052,1537.11895,0.7618,-144.2,-109.85,-110.25,9,stop_loss,24.36478,9.61298,-2.17558,3.85521,london,2019
XAUUSD,2019-09-10 16:00:00,2019-09-12 08:00:00,1495.61,1504.46,1481.4489,1523.93219,0.7679,88.5,67.96,67.56,10,time_exit,29.79353,9.44073,-2.43078,2.6495,new_york,2019
XAUUSD,2019-09-12 16:00:00,2019-09-12 20:00:00,1516.11,1501.93546,1501.93546,1544.45909,0.7719,-141.7,-109.41,-109.81,1,stop_loss,26.11436,9.4497,0.66255,1.71081,new_york,2019
XAUUSD,2019-09-16 04:00:00,2019-09-17 20:00:00,1505.67,1501.37,1489.24152,1538.52696,0.6593,-43.0,-28.35,-28.75,10,time_exit,22.35043,10.95232,-0.06446,1.11718,,2019
XAUUSD,2019-09-18 04:00:00,2019-09-18 20:00:00,1501.2,1488.86832,1488.86832,1525.86337,0.8761,-123.3,-108.04,-108.44,4,stop_loss,19.76127,8.22112,-0.39353,1.15129,,2019
XAUUSD,2019-09-19 12:00:00,2019-09-23 04:00:00,1497.39,1515.34,1485.08201,1522.00599,0.8689,179.5,155.97,155.57,10,time_exit,17.95766,8.20533,-0.67474,0.93302,london,2019
XAUUSD,2019-10-02 16:00:00,2019-10-03 16:00:00,1492.42,1519.37019,1478.94491,1519.37019,0.8052,269.5,217.0,216.6,6,take_profit,34.60322,8.9834,-0.27024,-0.29074,new_york,2019
XAUUSD,2019-10-10 04:00:00,2019-10-10 16:00:00,1511.6,1499.35735,1499.35735,1536.08531,0.904,-122.4,-110.67,-111.07,3,stop_loss,16.64924,8.16177,1.3275,0.2293,,2019
XAUUSD,2019-10-10 16:00:00,2019-10-11 12:00:00,1502.78,1490.65391,1490.65391,1527.03219,0.9035,-121.3,-109.56,-109.96,5,stop_loss,17.20496,8.08406,0.1548,0.28414,new_york,2019
XAUUSD,2019-10-11 12:00:00,2019-10-11 16:00:00,1498.98,1486.825,1486.825,1523.28999,0.8923,-121.5,-108.46,-108.86,1,stop_loss,14.87962,8.10333,-0.16333,0.16219,london,2019
XAUUSD,2019-10-15 04:00:00,2019-10-15 16:00:00,1492.9,1481.6783,1481.6783,1515.34341,0.9568,-112.2,-107.37,-107.77,3,stop_loss,14.95843,7.48114,-0.50955,-0.17627,,2019
XAUUSD,2019-10-15 20:00:00,2019-10-17 12:00:00,1480.75,1490.16,1469.09848,1504.05305,0.9123,94.1,85.85,85.45,10,time_exit,13.69075,7.76768,-1.92393,-0.26019,new_york,2019
XAUUSD,2019-10-30 16:00:00,2019-10-30 20:00:00,1492.48,1484.97333,1484.97333,1507.49335,1.4274,-75.1,-107.15,-107.55,1,stop_loss,19.46807,5.00445,-0.28856,-0.28496,new_york,2019
XAUUSD,2019-11-04 08:00:00,2019-11-05 08:00:00,1511.5,1503.03747,1503.03747,1528.42505,1.2534,-84.6,-106.07,-106.47,6,stop_loss,17.5125,5.64168,1.9503,0.60701,london,2019
XAUUSD,2019-11-08 16:00:00,2019-11-11 16:00:00,1459.75,1449.18533,1449.18533,1480.87934,0.9939,-105.6,-105.0,-105.4,6,stop_loss,42.39928,7.04311,-4.27923,-0.69912,new_york,2019
XAUUSD,2019-11-14 00:00:00,2019-11-15 16:00:00,1463.46,1467.71,1454.00179,1482.37642,1.0991,42.5,46.71,46.31,10,time_exit,47.00608,6.30547,-1.55844,-2.42728,,2019
XAUUSD,2019-11-20 00:00:00,2019-11-21 16:00:00,1472.29,1463.82504,1463.82504,1489.21991,1.2335,-84.6,-104.42,-104.82,10,stop_loss,14.63977,5.6433,0.42361,-2.46985,,2019
XAUUSD,2019-11-29 08:00:00,2019-12-03 00:00:00,1458.46,1462.93,1452.87623,1469.62755,1.8512,44.7,82.75,82.35,10,time_exit,31.30852,3.72252,-0.87305,-3.89559,london,2019
XAUUSD,2019-12-04 08:00:00,2019-12-04 16:00:00,1480.06,1472.9743,1472.9743,1494.23139,1.4704,-70.9,-104.19,-104.59,2,stop_loss,24.41643,4.7238,3.31966,-2.14102,london,2019
XAUUSD,2019-12-10 12:00:00,2019-12-11 20:00:00,1464.4,1477.34437,1457.92781,1477.34437,1.5937,129.4,206.29,205.89,8,take_profit,22.87195,4.31479,-0.45399,-1.5928,london,2019
XAUUSD,2019-12-19 00:00:00,2019-12-20 16:00:00,1474.85,1477.35,1468.27826,1487.99347,1.6009,25.0,40.02,39.62,10,time_exit,13.85529,4.38116,0.66696,-0.15098,,2019
XAUUSD,2019-12-24 16:00:00,2019-12-26 00:00:00,1490.24,1500.66472,1485.02764,1500.66472,2.026,104.2,211.2,210.8,2,take_profit,23.5684,3.47491,3.39543,1.01406,new_york,2019
XAUUSD,2019-12-26 08:00:00,2019-12-30 00:00:00,1504.54,1514.23,1498.78106,1516.05789,1.8703,96.9,181.23,180.83,10,time_exit,34.91272,3.8393,5.91384,1.53013,london,2019
XAUUSD,2019-12-31 08:00:00,2019-12-31 16:00:00,1523.34,1517.5668,1517.5668,1534.88641,1.897,-57.7,-109.52,-109.92,2,stop_loss,58.5042,3.8488,6.55395,4.17488,london,2019
XAUUSD,2020-01-09 12:00:00,2020-01-13 04:00:00,1546.4,1555.19,1528.96201,1581.27597,0.6217,87.9,54.65,54.25,10,time_exit,41.75616,11.62532,0.08818,3.51129,london,2020
XAUUSD,2020-01-13 16:00:00,2020-01-14 00:00:00,1554.75,1541.20905,1541.20905,1581.8319,0.8047,-135.4,-108.96,-109.36,2,stop_loss,20.14463,9.0273,0.70914,4.20394,new_york,2020
XAUUSD,2020-01-14 12:00:00,2020-01-16 04:00:00,1544.1,1551.74,1531.3421,1569.61581,0.8455,76.4,64.6,64.2,10,time_exit,18.9663,8.50527,-0.39245,4.1654,london,2020
XAUUSD,2020-01-22 16:00:00,2020-01-24 08:00:00,1556.22,1561.27,1547.18074,1574.29852,1.2004,50.5,60.62,60.22,10,time_exit,16.19834,6.02617,0.29687,4.78953,new_york,2020
XAUUSD,2020-01-28 20:00:00,2020-01-30 12:00:00,1569.9,1578.75,1559.47312,1590.75375,1.0464,88.5,92.61,92.21,10,time_exit,25.35882,6.95125,0.66041,4.30792,new_york,2020
XAUUSD,2020-01-30 20:00:00,2020-01-31 00:00:00,1584.85,1574.81124,1574.81124,1604.92753,1.0961,-100.4,-110.03,-110.43,1,stop_loss,20.20221,6.69251,2.3777,4.3606,new_york,2020
XAUUSD,2020-02-06 08:00:00,2020-02-10 00:00:00,1556.2,1571.43,1545.75904,1577.08192,1.0433,152.3,158.89,158.49,10,time_exit,28.58976,6.96064,-1.49733,2.90939,london,2020
XAUUSD,2020-02-10 16:00:00,2020-02-11 16:00:00,1572.7,1563.5246,1563.5246,1591.0508,1.2045,-91.8,-110.52,-110.92,6,stop_loss,17.92581,6.11693,0.83323,2.99783,new_york,2020
XAUUSD,2020-02-17 12:00:00,2020-02-18 16:00:00,1580.89,1594.24323,1574.21338,1594.24323,1.6386,133.5,218.81,218.41,6,take_profit,24.54639,4.45108,1.84487,3.87244,london,2020
XAUUSD,2020-02-21 12:00:00,2020-02-24 00:00:00,1635.0,1653.79115,1625.60443,1653.79115,1.1877,187.9,223.18,222.78,3,take_profit,57.96254,6.26372,6.48543,4.55521,london,2020
XAUUSD,2020-02-27 12:00:00,2020-02-28 08:00:00,1647.24,1626.66919,1626.66919,1688.38161,0.5533,-205.7,-113.82,-114.22,5,stop_loss,29.32298,13.71387,1.34661,3.26099,london,2020
XAUUSD,2020-03-04 20:00:00,2020-03-06 12:00:00,1642.05,1689.55265,1618.29867,1689.55265,0.4744,475.0,225.35,224.95,10,take_profit,25.61142,15.83422,1.14219,1.99525,new_york,2020
XAUUSD,2020-03-06 20:00:00,2020-03-10 12:00:00,1665.83,1662.93,1641.76552,1713.95895,0.4776,-29.0,-13.85,-14.25,10,time_exit,29.26517,16.04298,1.69562,2.39966,new_york,2020
XAUUSD,2020-03-10 16:00:00,2020-03-11 20:00:00,1662.93,1635.14314,1635.14314,1718.50371,0.4131,-277.9,-114.79,-115.19,7,stop_loss,17.51505,18.52457,0.68314,2.30343,new_york,2020
XAUUSD,2020-03-13 12:00:00,2020-03-13 16:00:00,1586.13,1552.82895,1552.82895,1652.73211,0.3412,-333.0,-113.62,-114.02,1,stop_loss,38.19104,22.2007,-2.27315,1.17196,london,2020
XAUUSD,2020-03-17 20:00:00,2020-03-18 20:00:00,1527.31,1475.24826,1475.24826,1631.43348,0.2161,-520.6,-112.51,-112.91,6,stop_loss,49.06522,34.70783,-1.66195,-0.39113,new_york,2020
XAUUSD,2020-03-24 00:00:00,2020-03-24 20:00:00,1553.68,1630.35837,1515.34082,1630.35837,0.2905,766.8,222.75,222.35,5,take_profit,25.30419,25.55946,0.84561,-1.7756,,2020
XAUUSD,2020-03-24 20:00:00,2020-03-26 08:00:00,1621.09,1580.96062,1580.96062,1701.34876,0.283,-401.3,-113.57,-113.97,9,stop_loss,30.29733,26.75292,2.96632,-1.31834,new_york,2020
XAUUSD,2020-03-26 20:00:00,2020-03-30 12:00:00,1637.51,1619.51,1595.96247,1720.60505,0.2706,-180.0,-48.71,-49.11,10,time_exit,29.94477,27.69835,2.44779,-0.41808,new_york,2020
XAUUSD,2020-04-01 20:00:00,2020-04-03 12:00:00,1582.26,1609.29,1556.24688,1634.28624,0.4304,270.3,116.34,115.94,10,time_exit,28.22716,17.34208,-0.54192,0.26597,new_york,2020
XAUUSD,2020-04-03 20:00:00,2020-04-06 20:00:00,1618.26,1661.11453,1596.83273,1661.11453,0.5279,428.5,226.23,225.83,6,take_profit,19.43713,14.28484,1.52484,0.53475,new_york,2020
XAUUSD,2020-04-07 08:00:00,2020-04-09 00:00:00,1658.07,1647.65,1636.94505,1700.3199,0.5461,-104.2,-56.9,-57.3,10,time_exit,27.689,14.0833,3.39639,1.19861,london,2020
XAUUSD,2020-04-17 08:00:00,2020-04-17 12:00:00,1707.66,1684.94818,1684.94818,1753.08364,0.5055,-227.1,-114.81,-115.21,1,stop_loss,38.90418,15.14121,1.41111,3.82992,london,2020
XAUUSD,2020-04-24 16:00:00,2020-04-27 16:00:00,1731.61,1712.27259,1712.27259,1770.28482,0.5877,-193.4,-113.65,-114.05,6,stop_loss,27.43345,12.89161,2.4066,4.05071,new_york,2020
XAUUSD,2020-04-28 08:00:00,2020-04-30 00:00:00,1697.23,1711.93,1678.74067,1734.20865,0.6085,147.0,89.45,89.05,10,time_exit,20.18504,12.32622,-0.63447,4.11409,london,2020
XAUUSD,2020-04-30 04:00:00,2020-04-30 12:00:00,1711.93,1694.56236,1694.56236,1746.66529,0.6529,-173.7,-113.39,-113.79,2,stop_loss,20.45525,11.57843,0.50305,3.95952,,2020
XAUUSD,2020-05-01 16:00:00,2020-05-05 08:00:00,1680.0,1699.76,1661.13391,1717.73219,0.595,197.6,117.57,117.17,10,time_exit,24.79261,12.5774,-1.71004,3.0779,new_york,2020
XAUUSD,2020-05-05 12:00:00,2020-05-07 00:00:00,1699.76,1681.96099,1681.96099,1735.35802,0.6373,-178.0,-113.43,-113.83,9,stop_loss,15.39082,11.86601,-0.12476,2.89172,london,2020
XAUUSD,2020-05-13 00:00:00,2020-05-14 16:00:00,1701.98,1730.71274,1687.61363,1730.71274,0.7816,287.3,224.58,224.18,10,take_profit,11.71346,9.57758,-0.04887,2.65874,,2020
XAUUSD,2020-05-18 12:00:00,2020-05-18 16:00:00,1761.7,1746.16402,1746.16402,1792.77197,0.7372,-155.4,-114.53,-114.93,1,stop_loss,42.27351,10.35732,4.11505,3.1344,london,2020
XAUUSD,2020-05-19 16:00:00,2020-05-21 08:00:00,1735.43,1734.3,1719.44154,1767.40692,0.7092,-11.3,-8.01,-8.41,10,time_exit,28.63469,10.65897,1.122,3.12623,new_york,2020
XAUUSD,2020-05-22 16:00:00,2020-05-26 12:00:00,1734.67,1726.08,1720.00809,1763.99383,0.7727,-85.9,-66.37,-66.77,10,time_exit,19.96394,9.77461,0.38319,3.34922,new_york,2020
XAUUSD,2020-05-27 00:00:00,2020-05-27 16:00:00,1710.65,1697.3996,1697.3996,1737.15079,0.85,-132.5,-112.63,-113.03,4,stop_loss,25.68171,8.8336,-2.17769,3.08618,,2020
XAUUSD,2020-05-28 04:00:00,2020-05-29 20:00:00,1710.08,1737.52233,1696.35883,1737.52233,0.8126,274.4,223.0,222.6,10,take_profit,37.17209,9.14744,-1.48625,2.36442,,2020
XAUUSD,2020-06-03 04:00:00,2020-06-03 12:00:00,1725.18,1710.99065,1710.99065,1753.55871,0.8015,-141.9,-113.73,-114.13,2,stop_loss,18.83,9.45957,-0.32821,2.13674,,2020
XAUUSD,2020-06-03 12:00:00,2020-06-03 16:00:00,1717.43,1703.27729,1703.27729,1745.73542,0.7955,-141.5,-112.58,-112.98,1,stop_loss,21.01586,9.43514,-1.09648,2.06042,london,2020
XAUUSD,2020-06-12 20:00:00,2020-06-15 08:00:00,1733.88,1718.10254,1718.10254,1765.43493,0.7064,-157.8,-111.45,-111.85,3,stop_loss,20.07438,10.51831,1.35159,0.90424,new_york,2020
XAUUSD,2020-06-15 12:00:00,2020-06-15 16:00:00,1720.76,1705.69719,1705.69719,1750.88562,0.7325,-150.6,-110.34,-110.74,1,stop_loss,19.3423,10.04187,-0.00732,0.99589,london,2020
XAUUSD,2020-06-16 08:00:00,2020-06-18 00:00:00,1725.97,1727.97,1710.51848,1756.87304,0.7069,20.0,14.14,13.74,10,time_exit,16.91179,10.30101,0.48306,0.93608,london,2020
XAUUSD,2020-06-18 04:00:00,2020-06-19 20:00:00,1727.97,1743.08,1714.69531,1754.51938,0.8239,151.1,124.49,124.09,10,time_exit,16.87528,8.84979,0.58945,1.11583,,2020
XAUUSD,2020-06-22 00:00:00,2020-06-23 16:00:00,1753.02,1765.41,1740.44142,1778.17716,0.8793,123.9,108.95,108.55,10,time_exit,16.39301,8.38572,2.09043,1.29666,,2020
XAUUSD,2020-06-24 08:00:00,2020-06-25 00:00:00,1768.81,1755.53795,1755.53795,1795.3541,0.8416,-132.7,-111.7,-112.1,4,stop_loss,33.90562,8.84803,3.28087,2.20132,london,2020
XAUUSD,2020-06-26 08:00:00,2020-06-26 16:00:00,1761.17,1748.39722,1748.39722,1786.71555,0.8657,-127.7,-110.57,-110.97,2,stop_loss,30.14035,8.51518,1.41444,2.79433,london,2020
XAUUSD,2020-06-29 00:00:00,2020-06-30 16:00:00,1775.42,1783.53,1761.81324,1802.63352,0.8045,81.1,65.24,64.84,10,time_exit,25.90627,9.07117,2.06905,2.72196,,2020
XAUUSD,2020-07-02 12:00:00,2020-07-02 16:00:00,1772.27,1760.08989,1760.08989,1796.63021,0.904,-121.8,-110.11,-110.51,1,stop_loss,18.79721,8.12007,0.96868,3.51548,london,2020
XAUUSD,2020-07-06 04:00:00,2020-07-07 16:00:00,1775.65,1795.94024,1765.50488,1795.94024,1.0745,202.9,218.02,217.62,9,take_profit,14.96015,6.76341,1.19283,4.1564,,2020
XAUUSD,2020-07-09 00:00:00,2020-07-09 16:00:00,1808.87,1797.8401,1797.8401,1830.92979,1.008,-110.3,-111.18,-111.58,4,stop_loss,24.64376,7.35326,3.9394,4.37812,,2020
XAUUSD,2020-07-10 08:00:00,2020-07-14 00:00:00,1801.24,1797.46,1789.95993,1823.80013,0.9758,-37.8,-36.89,-37.29,10,time_exit,26.80529,7.52004,1.90691,4.6435,london,2020
XAUUSD,2020-07-15 08:00:00,2020-07-17 00:00:00,1805.83,1797.98,1794.70375,1828.0825,0.9859,-78.5,-77.39,-77.79,10,time_exit,11.65281,7.4175,1.36376,4.74369,london,2020
XAUUSD,2020-07-21 08:00:00,2020-07-21 12:00:00,1817.83,1834.47291,1809.50854,1834.47291,1.3089,166.4,217.84,217.44,1,take_profit,17.54746,5.54764,2.46796,6.00622,london,2020
XAUUSD,2020-07-22 00:00:00,2020-07-22 04:00:00,1841.68,1861.39618,1831.82191,1861.39618,1.1269,197.2,222.18,221.78,1,take_profit,27.95218,6.57206,4.94647,5.41391,,2020
XAUUSD,2020-07-23 12:00:00,2020-07-27 00:00:00,1882.4,1914.03296,1866.58352,1914.03296,0.7164,316.3,226.62,226.22,9,take_profit,51.93612,10.54432,5.39579,4.21202,london,2020
XAUUSD,2020-07-27 08:00:00,2020-07-28 04:00:00,1931.89,1971.20556,1912.23222,1971.20556,0.5879,393.2,231.14,230.74,5,take_profit,70.4565,13.10519,6.12758,4.45407,london,2020
XAUUSD,2020-07-29 08:00:00,2020-07-31 00:00:00,1951.98,1958.43,1925.40296,2005.13407,0.4435,64.5,28.61,28.21,10,time_exit,71.01515,17.71802,3.63287,4.35674,london,2020
XAUUSD,2020-08-03 12:00:00,2020-08-04 20:00:00,1973.36,2014.12382,1952.97809,2014.12382,0.5797,407.6,236.31,235.91,8,take_profit,40.04106,13.58794,3.2201,6.79423,london,2020
XAUUSD,2020-08-05 00:00:00,2020-08-06 12:00:00,2019.23,2059.88696,1998.90152,2059.88696,0.5929,406.6,241.06,240.66,9,take_profit,30.91176,13.55232,5.38484,7.07429,,2020
XAUUSD,2020-08-11 16:00:00,2020-08-11 20:00:00,1963.24,1935.22308,1935.22308,2019.27383,0.4388,-280.2,-122.94,-123.34,1,stop_loss,27.87151,18.67794,-2.14819,5.81312,new_york,2020
XAUUSD,2020-08-20 12:00:00,2020-08-24 04:00:00,1935.15,1933.31,1902.09197,2001.26606,0.3681,-18.4,-6.77,-7.17,10,time_exit,24.94115,22.03869,-1.60679,2.48204,london,2020
XAUUSD,2020-08-27 20:00:00,2020-08-31 00:00:00,1920.62,1976.3195,1892.77025,1976.3195,0.4367,557.0,243.24,242.84,7,take_profit,22.90884,18.5665,-1.29299,1.26574,new_york,2020
XAUUSD,2020-09-03 08:00:00,2020-09-07 00:00:00,1937.5,1933.0,1915.87524,1980.74952,0.5736,-45.0,-25.81,-26.21,10,time_exit,21.33392,14.41651,-1.25182,1.72489,london,2020
XAUUSD,2020-09-15 08:00:00,2020-09-15 16:00:00,1965.89,1951.07094,1951.07094,1995.52813,0.8353,-148.2,-123.78,-124.18,2,stop_loss,20.2944,9.87938,2.05344,1.13908,london,2020
XAUUSD,2020-09-21 08:00:00,2020-09-21 12:00:00,1953.37,1938.0447,1938.0447,1984.02061,0.7996,-153.3,-122.54,-122.94,1,stop_loss,15.48457,10.21687,0.27324,1.17025,london,2020
XAUUSD,2020-09-23 00:00:00,2020-09-23 08:00:00,1900.03,1879.59172,1879.59172,1940.90656,0.5936,-204.4,-121.32,-121.72,2,stop_loss,37.10309,13.62552,-2.73972,0.11764,,2020
XAUUSD,2020-10-06 08:00:00,2020-10-06 20:00:00,1912.19,1896.9558,1896.9558,1942.6584,0.7883,-152.3,-120.09,-120.49,3,stop_loss,19.08949,10.15613,1.32001,-1.61684,london,2020
XAUUSD,2020-10-13 08:00:00,2020-10-13 16:00:00,1912.16,1897.40607,1897.40607,1941.66785,0.8058,-147.5,-118.89,-119.29,2,stop_loss,22.58433,9.83595,0.62808,-0.69231,london,2020
XAUUSD,2020-10-14 16:00:00,2020-10-15 12:00:00,1907.72,1891.27359,1891.27359,1940.61282,0.7157,-164.5,-117.71,-118.11,5,stop_loss,22.62086,10.96427,0.29633,-0.67023,new_york,2020
XAUUSD,2020-10-19 12:00:00,2020-10-20 04:00:00,1911.28,1897.63507,1897.63507,1938.56985,0.8539,-136.4,-116.51,-116.91,4,stop_loss,12.02871,9.09662,0.80838,-0.72213,london,2020
XAUUSD,2020-10-22 12:00:00,2020-10-22 16:00:00,1917.01,1904.08788,1904.08788,1942.85425,0.8927,-129.2,-115.36,-115.76,1,stop_loss,16.83301,8.61475,0.92915,-0.21647,london,2020
XAUUSD,2020-10-22 20:00:00,2020-10-26 12:00:00,1900.55,1901.68,1886.33534,1928.97932,0.8033,11.3,9.08,8.68,10,time_exit,17.22415,9.47644,-0.84715,-0.22884,new_york,2020
XAUUSD,2020-10-28 20:00:00,2020-10-29 12:00:00,1880.69,1866.3669,1866.3669,1909.3362,0.7979,-143.2,-114.28,-114.68,4,stop_loss,24.77813,9.54873,-2.47816,-0.48101,new_york,2020
XAUUSD,2020-10-29 16:00:00,2020-11-02 08:00:00,1864.17,1886.96,1849.93337,1892.64325,0.7947,227.9,181.11,180.71,10,time_exit,33.43043,9.49108,-3.68326,-0.86208,new_york,2020
XAUUSD,2020-11-04 16:00:00,2020-11-05 16:00:00,1905.91,1943.69452,1887.01774,1943.69452,0.6084,377.8,229.88,229.48,6,take_profit,18.97068,12.59484,0.88761,-0.70171,new_york,2020
XAUUSD,2020-11-13 08:00:00,2020-11-17 00:00:00,1879.8,1888.76,1862.88469,1913.63063,0.6931,89.6,62.1,61.7,10,time_exit,29.05052,11.27688,-1.04093,-0.91219,london,2020
XAUUSD,2020-11-18 16:00:00,2020-11-19 04:00:00,1875.92,1860.95117,1860.95117,1905.85767,0.7873,-149.7,-117.85,-118.25,3,stop_loss,23.11793,9.97922,-1.26469,-1.05844,new_york,2020
XAUUSD,2020-11-26 04:00:00,2020-11-27 12:00:00,1811.27,1797.06611,1797.06611,1839.67778,0.8214,-142.0,-116.67,-117.07,7,stop_loss,45.61787,9.46926,-4.05838,-3.53674,,2020
XAUUSD,2020-11-30 04:00:00,2020-11-30 12:00:00,1783.04,1768.22143,1768.22143,1812.67714,0.7794,-148.2,-115.5,-115.9,2,stop_loss,47.84138,9.87905,-4.94042,-4.32283,,2020
XAUUSD,2020-11-30 20:00:00,2020-12-01 12:00:00,1777.99,1811.37753,1761.29624,1811.37753,0.6849,333.9,228.67,228.27,4,take_profit,52.97014,11.12918,-4.07018,-4.2523,new_york,2020
XAUUSD,2020-12-02 00:00:00,2020-12-03 16:00:00,1813.52,1837.96,1797.92597,1844.70806,0.7479,244.4,182.79,182.39,10,time_exit,40.94954,10.39602,-0.20125,-4.66615,,2020
XAUUSD,2020-12-17 00:00:00,2020-12-17 16:00:00,1862.87,1894.57167,1847.01916,1894.57167,0.7473,317.0,236.91,236.51,4,take_profit,23.09516,10.56722,1.9879,-1.08993,,2020
XAUUSD,2020-12-21 12:00:00,2020-12-22 08:00:00,1886.51,1869.14548,1869.14548,1921.23904,0.6957,-173.6,-120.8,-121.2,5,stop_loss,41.31472,11.57635,2.114,0.2576,london,2020
XAUUSD,2020-12-30 16:00:00,2021-01-04 00:00:00,1883.41,1911.9929,1869.11855,1911.9929,0.8369,285.8,239.21,238.81,8,take_profit,13.7937,9.52763,0.89931,1.05186,new_york,2020
XAUUSD,2021-01-05 04:00:00,2021-01-06 16:00:00,1937.5,1921.35467,1921.35467,1969.79065,0.7556,-161.5,-121.99,-122.39,9,stop_loss,34.32013,10.76355,4.12727,2.00231,,2021
XAUUSD,2021-01-08 16:00:00,2021-01-08 20:00:00,1890.89,1870.23511,1870.23511,1932.19978,0.5847,-206.5,-120.77,-121.17,1,stop_loss,31.01217,13.76993,-1.32274,2.00292,new_york,2021
XAUUSD,2021-01-12 04:00:00,2021-01-13 20:00:00,1845.95,1844.95,1820.25108,1897.34784,0.4652,-10.0,-4.65,-5.05,10,time_exit,45.2872,17.13261,-2.51527,0.63326,,2021
XAUUSD,2021-01-15 00:00:00,2021-01-15 16:00:00,1847.22,1826.72625,1826.72625,1888.20749,0.5831,-204.9,-119.5,-119.9,4,stop_loss,37.52883,13.6625,-1.76514,-0.27801,,2021
XAUUSD,2021-01-18 16:00:00,2021-01-20 08:00:00,1835.2,1854.68,1814.59087,1876.41825,0.574,194.8,111.82,111.42,10,time_exit,36.83814,13.73942,-1.76767,-0.80766,new_york,2021
XAUUSD,2021-01-20 08:00:00,2021-01-20 12:00:00,1851.36,1835.86518,1835.86518,1882.34963,0.7707,-154.9,-119.42,-119.82,1,stop_loss,28.57541,10.32988,-0.2334,-1.36359,london,2021
XAUUSD,2021-01-20 12:00:00,2021-01-22 04:00:00,1854.68,1862.5,1839.5591,1884.9218,0.7818,78.2,61.14,60.74,10,time_exit,26.91265,10.0806,0.08664,-1.38077,london,2021
XAUUSD,2021-01-22 04:00:00,2021-01-22 12:00:00,1864.44,1849.02096,1849.02096,1895.27808,0.7706,-154.2,-118.82,-119.22,2,stop_loss,15.74858,10.27936,0.64164,-0.94427,,2021
XAUUSD,2021-01-28 12:00:00,2021-01-29 12:00:00,1840.92,1869.02069,1826.86966,1869.02069,0.8372,281.0,235.26,234.86,6,take_profit,28.68348,9.3669,-1.24525,-1.19423,london,2021
XAUUSD,2021-02-03 16:00:00,2021-02-04 04:00:00,1838.23,1821.70283,1821.70283,1871.28435,0.726,-165.3,-119.99,-120.39,3,stop_loss,20.11824,11.01812,-1.08477,-0.95198,new_york,2021
XAUUSD,2021-02-05 00:00:00,2021-02-08 12:00:00,1795.94,1831.17521,1778.3224,1831.17521,0.6742,352.4,237.56,237.16,9,take_profit,28.02474,11.74507,-3.93713,-1.44329,,2021
XAUUSD,2021-02-11 08:00:00,2021-02-11 20:00:00,1837.01,1822.3664,1822.3664,1866.29719,0.8273,-146.4,-121.15,-121.55,3,stop_loss,26.43864,9.7624,0.17632,-1.59465,london,2021
XAUUSD,2021-02-18 12:00:00,2021-02-18 16:00:00,1787.48,1771.87291,1771.87291,1818.69417,0.7685,-156.1,-119.94,-120.34,1,stop_loss,32.73503,10.40472,-2.4326,-2.58495,london,2021
XAUUSD,2021-02-23 08:00:00,2021-02-23 16:00:00,1812.73,1797.54498,1797.54498,1843.10003,0.7819,-151.9,-118.73,-119.13,2,stop_loss,27.62619,10.12334,1.02189,-2.91396,london,2021
XAUUSD,2021-02-25 16:00:00,2021-02-26 04:00:00,1781.51,1764.55475,1764.55475,1815.42049,0.6932,-169.6,-117.53,-117.93,3,stop_loss,23.69629,11.3035,-1.77891,-2.32875,new_york,2021
XAUUSD,2021-03-09 08:00:00,2021-03-10 20:00:00,1688.82,1725.45317,1670.50341,1725.45317,0.6353,366.3,232.73,232.33,9,take_profit,41.46191,12.21106,-2.90755,-5.15872,london,2021
XAUUSD,2021-03-11 04:00:00,2021-03-12 08:00:00,1726.12,1710.66459,1710.66459,1757.03082,0.7679,-154.6,-118.68,-119.08,7,stop_loss,26.4237,10.30361,0.41982,-5.64676,,2021
XAUUSD,2021-03-12 08:00:00,2021-03-12 12:00:00,1718.13,1703.57327,1703.57327,1747.24345,0.8071,-145.6,-117.49,-117.89,1,stop_loss,23.67926,9.70448,-0.49653,-5.50632,london,2021
XAUUSD,2021-03-17 16:00:00,2021-03-18 04:00:00,1729.2,1753.60812,1716.99594,1753.60812,0.9531,244.1,232.63,232.23,3,take_profit,16.5889,8.13604,0.35719,-5.07925,new_york,2021
XAUUSD,2021-03-18 08:00:00,2021-03-18 12:00:00,1750.0,1736.19873,1736.19873,1777.60254,0.8596,-138.0,-118.64,-119.04,1,stop_loss,18.40716,9.20085,2.29806,-4.10958,london,2021
XAUUSD,2021-03-26 00:00:00,2021-03-29 16:00:00,1727.37,1714.75517,1714.75517,1752.59967,0.931,-126.1,-117.44,-117.84,10,stop_loss,11.34016,8.40989,-0.70842,-2.95931,,2021
XAUUSD,2021-04-01 00:00:00,2021-04-05 16:00:00,1707.04,1728.15,1692.60203,1735.91594,0.8053,211.1,170.0,169.6,10,time_exit,35.43613,9.62531,-0.89766,-3.21784,,2021
XAUUSD,2021-04-07 20:00:00,2021-04-09 12:00:00,1740.49,1738.2,1728.98645,1763.4971,1.0254,-22.9,-23.48,-23.88,10,time_exit,29.81532,7.66903,1.94002,-2.34138,new_york,2021
XAUUSD,2021-04-15 08:00:00,2021-04-15 16:00:00,1739.81,1761.57208,1728.92896,1761.57208,1.0819,217.6,235.44,235.04,2,take_profit,17.03582,7.25403,0.44286,-0.86709,london,2021
XAUUSD,2021-04-16 12:00:00,2021-04-19 12:00:00,1766.07,1788.90112,1754.65444,1788.90112,1.0519,228.3,240.16,239.76,6,take_profit,22.65352,7.61037,3.10955,-0.21457,london,2021
XAUUSD,2021-04-26 00:00:00,2021-04-27 16:00:00,1775.4,1778.23,1762.3011,1801.5978,0.935,28.3,26.46,26.06,10,time_exit,30.23954,8.7326,0.55986,1.95953,,2021
XAUUSD,2021-04-27 16:00:00,2021-04-28 00:00:00,1783.08,1771.24,1771.24,1806.76001,1.0366,-118.4,-122.73,-123.13,2,stop_loss,20.14283,7.89334,1.08763,2.2145,new_york,2021
XAUUSD,2021-04-29 04:00:00,2021-04-29 12:00:00,1784.68,1773.25772,1773.25772,1807.52456,1.0637,-114.2,-121.5,-121.9,2,stop_loss,21.11991,7.61485,1.29783,2.13106,,2021
XAUUSD,2021-05-06 16:00:00,2021-05-07 04:00:00,1793.66,1816.4394,1782.2703,1816.4394,1.0561,227.8,240.57,240.17,3,take_profit,20.26897,7.59313,1.78028,2.02332,new_york,2021
XAUUSD,2021-05-07 16:00:00,2021-05-11 08:00:00,1838.74,1836.18,1824.70631,1866.80738,0.8742,-25.6,-22.38,-22.78,10,time_exit,35.0007,9.35579,5.31458,2.22836,new_york,2021
XAUUSD,2021-05-13 20:00:00,2021-05-17 12:00:00,1826.1,1845.85,1810.78113,1856.73774,0.7994,197.5,157.88,157.48,10,time_exit,27.16502,10.21258,1.18624,3.16488,new_york,2021
XAUUSD,2021-05-19 04:00:00,2021-05-19 12:00:00,1869.74,1857.9527,1857.9527,1893.3146,1.0522,-117.9,-124.03,-124.43,2,stop_loss,33.26119,7.8582,4.15297,5.39149,,2021
XAUUSD,2021-05-21 20:00:00,2021-05-25 12:00:00,1872.88,1883.33,1857.0124,1904.61519,0.7738,104.5,80.86,80.46,10,time_exit,29.27972,10.5784,1.68668,4.58689,new_york,2021
XAUUSD,2021-06-02 12:00:00,2021-06-03 12:00:00,1896.43,1885.46204,1885.46204,1918.36592,1.1268,-109.7,-123.59,-123.99,6,stop_loss,14.03299,7.31197,0.59209,7.20813,london,2021
XAUUSD,2021-06-04 00:00:00,2021-06-04 04:00:00,1871.47,1858.81494,1858.81494,1896.78012,0.9668,-126.6,-122.35,-122.75,1,stop_loss,20.54199,8.43671,-2.58738,5.7232,,2021
XAUUSD,2021-06-09 12:00:00,2021-06-10 08:00:00,1889.33,1878.03768,1878.03768,1911.91463,1.0726,-112.9,-121.12,-121.52,5,stop_loss,15.1211,7.52821,-0.22501,5.11333,london,2021
XAUUSD,2021-06-10 08:00:00,2021-06-10 12:00:00,1885.44,1874.7042,1874.7042,1906.9116,1.1169,-107.4,-119.91,-120.31,1,stop_loss,14.03178,7.1572,-0.73044,5.07373,london,2021
XAUUSD,2021-06-17 20:00:00,2021-06-21 12:00:00,1770.49,1775.02,1749.05477,1813.36046,0.5538,45.3,25.09,24.69,10,time_exit,54.97886,14.29015,-6.24513,0.33343,new_york,2021
XAUUSD,2021-06-29 00:00:00,2021-06-29 12:00:00,1778.51,1766.62806,1766.62806,1802.27388,1.0011,-118.8,-118.95,-119.35,3,stop_loss,14.99023,7.92129,-1.97665,-4.38855,,2021
XAUUSD,2021-06-30 12:00:00,2021-07-01 16:00:00,1756.62,1781.67067,1744.09466,1781.67067,0.9402,250.5,235.53,235.13,7,take_profit,24.44912,8.35022,-3.35168,-4.59136,london,2021
XAUUSD,2021-07-02 08:00:00,2021-07-06 04:00:00,1778.18,1800.81,1766.49367,1801.55267,1.0278,226.3,232.59,232.19,10,time_exit,15.81513,7.79089,-0.29747,-4.77684,london,2021
XAUUSD,2021-07-07 00:00:00,2021-07-08 16:00:00,1796.16,1797.59,1783.18293,1822.11413,0.9435,14.3,13.49,13.09,10,time_exit,30.664,8.65138,1.23335,-3.2127,,2021
XAUUSD,2021-07-08 20:00:00,2021-07-12 12:00:00,1797.59,1802.8,1782.6424,1827.4852,0.82,52.1,42.72,42.32,10,time_exit,26.73143,9.96507,0.50964,-2.06659,new_york,2021
XAUUSD,2021-07-12 16:00:00,2021-07-14 08:00:00,1802.8,1814.08,1790.21888,1827.96224,0.9775,112.8,110.26,109.86,10,time_exit,16.53809,8.38741,0.72607,-1.84436,new_york,2021
XAUUSD,2021-07-19 20:00:00,2021-07-21 12:00:00,1808.86,1795.67078,1795.67078,1835.23843,0.9408,-131.9,-124.08,-124.48,10,stop_loss,22.55468,8.79281,-0.25083,-0.26012,new_york,2021
XAUUSD,2021-08-02 08:00:00,2021-08-04 00:00:00,1810.7,1810.49,1799.92496,1832.25008,1.14,-2.1,-2.39,-2.79,10,time_exit,24.54072,7.18336,-0.09643,-0.01625,london,2021
XAUUSD,2021-08-09 04:00:00,2021-08-10 20:00:00,1727.65,1729.1,1706.64541,1769.65917,0.5847,14.5,8.48,8.08,10,time_exit,29.77078,14.00306,-5.31553,-0.49541,,2021
XAUUSD,2021-08-12 12:00:00,2021-08-16 04:00:00,1755.76,1777.09,1741.24856,1784.78289,0.8469,213.3,180.64,180.24,10,time_exit,43.84594,9.6743,-1.22286,-2.95608,london,2021
XAUUSD,2021-08-16 04:00:00,2021-08-17 20:00:00,1780.66,1785.93,1768.22044,1805.53913,1.0024,52.7,52.83,52.43,10,time_exit,30.91281,8.29304,1.74212,-3.23952,,2021
XAUUSD,2021-08-18 04:00:00,2021-08-19 04:00:00,1785.95,1775.1831,1775.1831,1807.4838,1.163,-107.7,-125.22,-125.62,6,stop_loss,23.4314,7.17793,1.75533,-2.60474,,2021
XAUUSD,2021-08-20 00:00:00,2021-08-23 16:00:00,1780.08,1805.28986,1767.47507,1805.28986,0.9835,252.1,247.94,247.54,10,take_profit,17.57743,8.40329,0.29707,-1.65517,,2021
XAUUSD,2021-08-25 04:00:00,2021-08-25 16:00:00,1795.95,1785.27533,1785.27533,1817.29935,1.1845,-106.7,-126.44,-126.84,3,stop_loss,21.95007,7.11645,1.25708,-0.67296,,2021
XAUUSD,2021-08-26 04:00:00,2021-08-27 16:00:00,1790.22,1811.14204,1779.75898,1811.14204,1.1965,209.2,250.33,249.93,9,take_profit,18.31266,6.97401,0.29976,-0.53014,,2021
XAUUSD,2021-08-31 04:00:00,2021-08-31 16:00:00,1812.7,1801.84565,1801.84565,1834.40869,1.1762,-108.5,-127.67,-128.07,3,stop_loss,23.11103,7.23623,2.15068,0.45379,,2021
XAUUSD,2021-09-06 16:00:00,2021-09-07 12:00:00,1822.6,1813.06674,1813.06674,1841.66652,1.3258,-95.3,-126.39,-126.79,4,stop_loss,20.5559,6.35551,1.88188,1.79333,new_york,2021
XAUUSD,2021-09-07 20:00:00,2021-09-08 16:00:00,1795.88,1784.80194,1784.80194,1818.03613,1.1295,-110.8,-125.13,-125.53,5,stop_loss,20.66505,7.38538,-2.10647,1.52798,new_york,2021
XAUUSD,2021-09-08 20:00:00,2021-09-10 12:00:00,1791.0,1793.52,1779.85651,1813.28698,1.1116,25.2,28.01,27.61,10,time_exit,27.01228,7.42899,-2.31226,1.1111,new_york,2021
XAUUSD,2021-09-13 16:00:00,2021-09-14 16:00:00,1785.92,1807.26936,1775.24532,1807.26936,1.163,213.5,248.29,247.89,6,take_profit,25.64698,7.11645,-1.99278,0.19824,new_york,2021
XAUUSD,2021-09-15 04:00:00,2021-09-15 16:00:00,1802.87,1791.64172,1791.64172,1825.32656,1.1277,-112.3,-126.62,-127.02,3,stop_loss,15.84515,7.48552,0.50867,0.07977,,2021
XAUUSD,2021-09-21 08:00:00,2021-09-22 20:00:00,1761.28,1784.35259,1749.7437,1784.35259,1.0866,230.7,250.71,250.31,9,take_profit,36.19437,7.69086,-2.19184,-1.78276,london,2021
XAUUSD,2021-09-24 12:00:00,2021-09-24 16:00:00,1755.39,1741.94166,1741.94166,1782.28669,0.9507,-134.5,-127.85,-128.25,1,stop_loss,19.36165,8.96556,-1.66641,-1.88086,london,2021
XAUUSD,2021-09-24 20:00:00,2021-09-28 08:00:00,1751.14,1736.79992,1736.79992,1779.82015,0.8826,-143.4,-126.57,-126.97,9,stop_loss,19.94092,9.56005,-1.83492,-1.86079,new_york,2021
XAUUSD,2021-09-28 20:00:00,2021-09-29 20:00:00,1737.92,1723.70955,1723.70955,1766.3409,0.8818,-142.1,-125.31,-125.71,6,stop_loss,20.48797,9.47363,-2.40404,-2.26436,new_york,2021
XAUUSD,2021-09-30 20:00:00,2021-10-04 12:00:00,1758.26,1755.15,1742.98452,1788.81096,0.8121,-31.1,-25.26,-25.66,10,time_exit,21.95899,10.18365,0.68203,-2.51119,new_york,2021
XAUUSD,2021-10-07 20:00:00,2021-10-11 12:00:00,1758.11,1750.87,1745.43082,1783.46835,0.9763,-72.4,-70.68,-71.08,10,time_exit,13.2085,8.45278,0.20324,-1.85505,new_york,2021
XAUUSD,2021-10-14 04:00:00,2021-10-15 12:00:00,1792.84,1778.63024,1778.63024,1821.25952,0.8661,-142.1,-123.07,-123.47,8,stop_loss,31.54848,9.47317,3.28542,-0.87253,,2021
XAUUSD,2021-10-19 16:00:00,2021-10-19 20:00:00,1781.66,1769.82147,1769.82147,1805.33707,1.0292,-118.4,-121.84,-122.24,1,stop_loss,24.26608,7.89236,1.40919,-0.14492,new_york,2021
XAUUSD,2021-10-21 00:00:00,2021-10-22 12:00:00,1781.96,1806.27381,1769.80309,1806.27381,0.9922,243.1,241.24,240.84,9,take_profit,19.93634,8.1046,1.17567,0.04896,,2021
XAUUSD,2021-10-28 12:00:00,2021-10-29 12:00:00,1800.81,1789.14204,1789.14204,1824.14592,1.0544,-116.7,-123.03,-123.43,6,stop_loss,20.29114,7.77864,1.45642,1.41393,london,2021
XAUUSD,2021-10-29 12:00:00,2021-10-29 16:00:00,1792.73,1780.89796,1780.89796,1816.39408,1.0294,-118.3,-121.8,-122.2,1,stop_loss,15.36608,7.88803,0.20975,1.46282,london,2021
XAUUSD,2021-11-02 04:00:00,2021-11-03 04:00:00,1791.32,1779.70979,1779.70979,1814.54042,1.0385,-116.1,-120.57,-120.97,6,stop_loss,19.93446,7.74014,0.24159,1.20548,,2021
XAUUSD,2021-11-09 20:00:00,2021-11-10 16:00:00,1830.92,1854.5444,1819.1078,1854.5444,1.0105,236.2,238.72,238.32,5,take_profit,22.52893,7.8748,3.69036,1.98583,new_york,2021
XAUUSD,2021-11-16 08:00:00,2021-11-16 16:00:00,1866.67,1854.644,1854.644,1890.722,1.0124,-120.3,-121.75,-122.15,2,stop_loss,28.65086,8.01733,3.51087,4.48064,london,2021
XAUUSD,2021-11-18 12:00:00,2021-11-19 08:00:00,1864.4,1852.8651,1852.8651,1887.4698,1.0449,-115.3,-120.53,-120.93,5,stop_loss,24.74488,7.68993,2.12336,4.98053,london,2021
XAUUSD,2021-11-22 04:00:00,2021-11-22 16:00:00,1845.8,1833.02041,1833.02041,1871.35917,0.9336,-127.8,-119.31,-119.71,3,stop_loss,21.4672,8.51972,-0.58508,4.28765,,2021
XAUUSD,2021-11-25 08:00:00,2021-11-29 00:00:00,1792.9,1795.23,1779.63978,1819.42045,0.8908,23.3,20.76,20.36,10,time_exit,53.78705,8.84015,-3.44364,1.27719,london,2021
XAUUSD,2021-11-29 00:00:00,2021-11-30 16:00:00,1789.27,1774.90244,1774.90244,1818.00513,0.8235,-143.7,-118.32,-118.72,10,stop_loss,41.73303,9.57838,-2.38764,0.36139,,2021
XAUUSD,2021-12-01 16:00:00,2021-12-02 16:00:00,1788.13,1771.48783,1771.48783,1821.41434,0.7038,-166.4,-117.13,-117.53,5,stop_loss,20.99366,11.09478,-1.19366,-0.51565,new_york,2021
XAUUSD,2021-12-09 08:00:00,2021-12-09 12:00:00,1785.68,1775.22784,1775.22784,1806.58432,1.1094,-104.5,-115.96,-116.36,1,stop_loss,6.9182,6.96811,-0.13768,-1.8471,london,2021
XAUUSD,2021-12-09 12:00:00,2021-12-10 08:00:00,1782.91,1772.58407,1772.58407,1803.56187,1.1117,-103.3,-114.79,-115.19,5,stop_loss,6.71738,6.88396,-0.52748,-1.86714,london,2021
XAUUSD,2021-12-15 00:00:00,2021-12-15 20:00:00,1771.45,1761.13166,1761.13166,1792.08669,1.1014,-103.2,-113.65,-114.05,5,stop_loss,15.60223,6.8789,-1.84661,-1.82748,,2021
XAUUSD,2021-12-28 08:00:00,2021-12-29 00:00:00,1812.93,1804.61289,1804.61289,1829.56422,1.3527,-83.2,-112.51,-112.91,4,stop_loss,11.73014,5.54474,2.56982,0.3903,london,2021
XAUUSD,2022-01-06 04:00:00,2022-01-06 08:00:00,1810.21,1798.92397,1798.92397,1832.78205,0.9868,-112.9,-111.37,-111.77,1,stop_loss,16.57929,7.52402,-0.01014,1.12534,,2022
XAUUSD,2022-01-07 08:00:00,2022-01-11 00:00:00,1790.68,1804.92,1779.26605,1813.5079,0.966,142.4,137.56,137.16,10,time_exit,23.29176,7.6093,-1.99729,0.62551,london,2022
XAUUSD,2022-01-19 08:00:00,2022-01-19 16:00:00,1813.46,1831.84648,1804.26676,1831.84648,1.2142,183.9,223.25,222.85,2,take_profit,17.0896,6.12883,-0.22198,1.39221,london,2022
XAUUSD,2022-01-25 16:00:00,2022-01-26 16:00:00,1842.7,1832.08184,1832.08184,1863.93633,1.0723,-106.2,-113.86,-114.26,6,stop_loss,15.33095,7.07878,1.77295,2.34223,new_york,2022
XAUUSD,2022-02-07 04:00:00,2022-02-08 20:00:00,1810.37,1825.97,1799.01169,1833.08661,0.9923,156.0,154.8,154.4,10,time_exit,29.16439,7.5722,0.28585,-0.34138,,2022
XAUUSD,2022-02-10 04:00:00,2022-02-10 12:00:00,1833.95,1825.42223,1825.42223,1851.00555,1.3398,-85.3,-114.26,-114.66,2,stop_loss,21.72126,5.68518,3.00367,0.67657,,2022
XAUUSD,2022-02-14 16:00:00,2022-02-15 12:00:00,1861.57,1848.5473,1848.5473,1887.61539,0.8686,-130.2,-113.12,-113.52,5,stop_loss,26.1075,8.6818,3.86557,1.29592,new_york,2022
XAUUSD,2022-02-17 16:00:00,2022-02-21 08:00:00,1895.92,1896.36,1881.40326,1924.95348,0.7714,4.4,3.39,2.99,10,time_exit,28.40333,9.67783,4.91747,2.41222,new_york,2022
XAUUSD,2022-02-23 20:00:00,2022-02-24 04:00:00,1908.3,1936.95431,1893.97285,1936.95431,0.7818,286.5,224.02,223.62,2,take_profit,30.21183,9.55144,2.90625,4.11081,new_york,2022
XAUUSD,2022-02-25 00:00:00,2022-02-28 16:00:00,1905.62,1899.27,1879.41495,1958.0301,0.436,-63.5,-27.69,-28.09,10,time_exit,33.40265,17.47003,0.65839,2.58702,,2022
XAUUSD,2022-03-03 12:00:00,2022-03-07 00:00:00,1929.12,1973.10302,1907.12849,1973.10302,0.5182,439.8,227.92,227.52,9,take_profit,15.94748,14.66101,1.27954,3.17942,london,2022
XAUUSD,2022-03-09 12:00:00,2022-03-09 16:00:00,2017.86,1984.44618,1984.44618,2084.68763,0.3479,-334.1,-116.25,-116.65,1,stop_loss,43.10563,22.27588,2.51551,3.22695,london,2022
XAUUSD,2022-03-09 16:00:00,2022-03-11 08:00:00,1989.93,1989.58,1955.01039,2059.76923,0.3295,-3.5,-1.15,-1.55,10,time_exit,40.94949,23.27974,1.15664,3.09231,new_york,2022
XAUUSD,2022-03-16 12:00:00,2022-03-16 20:00:00,1918.21,1895.11566,1895.11566,1964.39868,0.4982,-230.9,-115.06,-115.46,2,stop_loss,39.90572,15.39623,-2.57381,3.18293,london,2022
XAUUSD,2022-03-16 20:00:00,2022-03-18 12:00:00,1910.13,1935.62,1887.17225,1956.0455,0.4961,254.9,126.46,126.06,10,time_exit,41.31604,15.30517,-2.90297,2.97845,new_york,2022
XAUUSD,2022-03-22 04:00:00,2022-03-22 16:00:00,1931.15,1912.69276,1912.69276,1968.06449,0.6239,-184.6,-115.15,-115.55,3,stop_loss,30.82525,12.30483,-0.86949,2.34071,,2022
XAUUSD,2022-03-24 12:00:00,2022-03-28 04:00:00,1940.85,1943.27,1925.03067,1972.48865,0.7207,24.2,17.44,17.04,10,time_exit,21.47135,10.54622,0.30675,2.09754,london,2022
XAUUSD,2022-03-30 08:00:00,2022-04-01 00:00:00,1925.84,1934.39,1907.07899,1963.36201,0.6086,85.5,52.04,51.64,10,time_exit,33.83414,12.50734,-0.76155,1.2361,london,2022
XAUUSD,2022-04-04 04:00:00,2022-04-05 20:00:00,1925.59,1923.43,1909.22052,1958.32897,0.7006,-21.6,-15.13,-15.53,10,time_exit,20.32806,10.91299,-0.64562,1.02649,,2022
XAUUSD,2022-04-05 20:00:00,2022-04-07 12:00:00,1923.47,1927.66,1906.8453,1956.7194,0.689,41.9,28.87,28.47,10,time_exit,15.86264,11.08313,-0.74323,0.85121,new_york,2022
XAUUSD,2022-04-13 08:00:00,2022-04-18 00:00:00,1968.27,1987.46,1951.31544,2002.17913,0.6772,191.9,129.95,129.55,10,time_exit,34.3598,11.30304,2.24761,1.31562,london,2022
XAUUSD,2022-04-20 08:00:00,2022-04-22 00:00:00,1943.3,1950.19,1927.5917,1974.71661,0.7392,68.9,50.93,50.53,10,time_exit,31.33406,10.4722,-1.64767,2.19191,london,2022
XAUUSD,2022-04-22 04:00:00,2022-04-22 12:00:00,1950.2,1935.60048,1935.60048,1979.39905,0.7988,-146.0,-116.62,-117.02,2,stop_loss,27.39131,9.73302,-0.67976,1.83746,,2022
XAUUSD,2022-04-26 12:00:00,2022-04-27 08:00:00,1902.45,1886.25862,1886.25862,1934.83276,0.713,-161.9,-115.44,-115.84,5,stop_loss,48.71768,10.79425,-3.40473,0.2825,london,2022
XAUUSD,2022-04-28 20:00:00,2022-05-02 12:00:00,1888.62,1872.23098,1872.23098,1921.39805,0.6974,-163.9,-114.3,-114.7,10,stop_loss,52.95187,10.92602,-2.75551,-1.06671,new_york,2022
XAUUSD,2022-05-05 04:00:00,2022-05-05 16:00:00,1895.9,1878.54932,1878.54932,1930.60136,0.6521,-173.5,-113.14,-113.54,3,stop_loss,30.5721,11.56712,0.37592,-2.33875,,2022
XAUUSD,2022-05-10 00:00:00,2022-05-10 20:00:00,1854.24,1836.52632,1836.52632,1889.66736,0.6323,-177.1,-112.0,-112.4,5,stop_loss,17.76348,11.80912,-2.56037,-2.3865,,2022
XAUUSD,2022-05-12 08:00:00,2022-05-12 16:00:00,1851.11,1833.86174,1833.86174,1885.60652,0.6429,-172.5,-110.89,-111.29,2,stop_loss,18.34073,11.49884,-1.58929,-3.02139,london,2022
XAUUSD,2022-05-12 16:00:00,2022-05-12 20:00:00,1845.12,1827.9491,1827.9491,1879.46179,0.6393,-171.7,-109.77,-110.17,1,stop_loss,18.5528,11.44726,-1.95598,-3.09066,new_york,2022
XAUUSD,2022-05-20 12:00:00,2022-05-24 04:00:00,1845.7,1855.88,1831.22153,1874.65694,0.7506,101.8,76.41,76.01,10,time_exit,27.25766,9.65231,1.0943,-4.56071,london,2022
XAUUSD,2022-05-26 00:00:00,2022-05-27 16:00:00,1853.31,1853.24,1839.98136,1879.96728,0.821,-0.7,-0.57,-0.97,10,time_exit,20.91249,8.88576,0.73509,-3.14159,,2022
XAUUSD,2022-05-30 20:00:00,2022-05-31 16:00:00,1856.42,1844.39522,1844.39522,1880.46957,0.91,-120.2,-109.43,-109.83,5,stop_loss,14.57295,8.01652,0.82452,-2.66336,new_york,2022
XAUUSD,2022-06-02 20:00:00,2022-06-03 16:00:00,1867.83,1855.2065,1855.2065,1893.07701,0.8581,-126.2,-108.32,-108.72,5,stop_loss,16.15701,8.41567,2.29195,-2.20999,new_york,2022
XAUUSD,2022-06-07 00:00:00,2022-06-08 16:00:00,1840.84,1855.42,1829.42386,1863.67227,0.9393,145.8,136.95,136.55,10,time_exit,14.53789,7.61076,-1.25987,-1.92519,,2022
XAUUSD,2022-06-13 20:00:00,2022-06-14 00:00:00,1828.74,1811.24016,1811.24016,1863.73969,0.6206,-175.0,-108.6,-109.0,1,stop_loss,16.51979,11.66656,-1.90686,-0.93356,new_york,2022
XAUUSD,2022-06-14 00:00:00,2022-06-15 16:00:00,1819.56,1819.8,1802.033,1854.614,0.6134,2.4,1.47,1.07,10,time_exit,18.3273,11.68467,-2.60793,-1.00227,,2022
XAUUSD,2022-06-15 20:00:00,2022-06-16 20:00:00,1819.84,1852.96599,1803.277,1852.96599,0.6492,331.3,215.05,214.65,6,take_profit,26.57022,11.042,-1.74301,-1.64131,new_york,2022
XAUUSD,2022-06-16 20:00:00,2022-06-20 12:00:00,1850.37,1839.11,1831.20146,1888.70708,0.5721,-112.6,-64.42,-64.82,10,time_exit,19.06649,12.77903,0.93278,-1.37611,new_york,2022
XAUUSD,2022-06-27 20:00:00,2022-06-29 12:00:00,1825.31,1831.34,1811.26376,1853.40248,0.7762,60.3,46.8,46.4,10,time_exit,8.91313,9.36416,-0.91104,-1.57715,new_york,2022
XAUUSD,2022-06-30 04:00:00,2022-06-30 12:00:00,1819.68,1807.60571,1807.60571,1843.82858,0.9068,-120.7,-109.49,-109.89,2,stop_loss,10.39682,8.04953,-1.1081,-2.05282,,2022
XAUUSD,2022-07-01 08:00:00,2022-07-01 12:00:00,1802.88,1789.79141,1789.79141,1829.05717,0.8281,-130.9,-108.39,-108.79,1,stop_loss,13.04791,8.72572,-2.45202,-2.1216,london,2022
XAUUSD,2022-07-07 04:00:00,2022-07-08 20:00:00,1741.91,1742.45,1726.12803,1773.47394,0.6799,5.4,3.67,3.27,10,time_exit,35.52777,10.52131,-5.32413,-3.13174,,2022
XAUUSD,2022-07-08 20:00:00,2022-07-12 04:00:00,1742.35,1727.20872,1727.20872,1772.63255,0.7089,-151.4,-107.34,-107.74,8,stop_loss,40.36747,10.09418,-3.6653,-4.27067,new_york,2022
XAUUSD,2022-07-13 12:00:00,2022-07-13 16:00:00,1727.87,1715.76808,1715.76808,1752.07383,0.878,-121.0,-106.25,-106.65,1,stop_loss,41.38841,8.06794,-3.62432,-6.45821,london,2022
XAUUSD,2022-07-19 16:00:00,2022-07-20 20:00:00,1708.85,1695.54606,1695.54606,1735.45788,0.7907,-133.0,-105.19,-105.59,7,stop_loss,28.77288,8.86929,-2.266,-6.65339,new_york,2022
XAUUSD,2022-07-25 20:00:00,2022-07-27 12:00:00,1718.0,1718.14,1703.46769,1747.06462,0.7166,1.4,1.0,0.6,10,time_exit,25.21375,9.68821,-0.21974,-5.30308,new_york,2022
XAUUSD,2022-08-02 16:00:00,2022-08-02 20:00:00,1785.11,1771.34225,1771.34225,1812.6455,0.7564,-137.7,-104.14,-104.54,1,stop_loss,38.70031,9.1785,4.22146,-2.01168,new_york,2022
XAUUSD,2022-08-10 12:00:00,2022-08-12 04:00:00,1792.41,1790.7,1781.32934,1814.57132,0.9304,-17.1,-15.91,-16.31,10,time_exit,18.79875,7.38711,2.47644,0.62714,london,2022
XAUUSD,2022-08-15 08:00:00,2022-08-15 12:00:00,1794.54,1783.19502,1783.19502,1817.22996,0.9073,-113.4,-102.93,-103.33,1,stop_loss,23.66366,7.56332,1.44125,1.38067,london,2022
XAUUSD,2022-08-17 00:00:00,2022-08-17 16:00:00,1775.72,1764.80515,1764.80515,1797.54971,0.9336,-109.1,-101.9,-102.3,4,stop_loss,21.09799,7.27657,-0.87479,1.11806,,2022
XAUUSD,2022-08-18 12:00:00,2022-08-19 00:00:00,1766.19,1755.21802,1755.21802,1788.13396,0.9194,-109.7,-100.88,-101.28,3,stop_loss,21.4315,7.31465,-1.58178,0.61475,london,2022
XAUUSD,2022-08-26 20:00:00,2022-08-29 04:00:00,1735.98,1723.47806,1723.47806,1760.98387,0.7988,-125.0,-99.87,-100.27,2,stop_loss,20.75354,8.33462,-2.35511,-1.19419,new_york,2022
XAUUSD,2022-08-29 12:00:00,2022-08-31 04:00:00,1722.25,1724.76,1710.17434,1746.40132,0.8187,25.1,20.55,20.15,10,time_exit,26.47634,8.05044,-3.66528,-1.54693,london,2022
XAUUSD,2022-08-31 16:00:00,2022-09-01 12:00:00,1711.62,1700.17903,1700.17903,1734.50194,0.8658,-114.4,-99.06,-99.46,5,stop_loss,25.43841,7.62731,-3.97267,-2.34977,new_york,2022
XAUUSD,2022-09-02 16:00:00,2022-09-06 08:00:00,1708.84,1713.44,1697.26615,1731.98769,0.8473,46.0,38.98,38.58,10,time_exit,33.07347,7.7159,-2.37725,-3.40915,new_york,2022
XAUUSD,2022-09-07 08:00:00,2022-09-07 20:00:00,1693.78,1717.04906,1682.14547,1717.04906,0.8462,232.7,196.9,196.5,3,take_profit,18.9184,7.75635,-3.17441,-3.68859,london,2022
XAUUSD,2022-09-08 04:00:00,2022-09-09 20:00:00,1715.62,1716.85,1703.40927,1740.04145,0.8224,12.3,10.12,9.72,10,time_exit,16.98833,8.14048,-0.16598,-3.46116,,2022
XAUUSD,2022-09-14 08:00:00,2022-09-15 04:00:00,1703.99,1690.4188,1690.4188,1731.1324,0.7406,-135.7,-100.51,-100.91,5,stop_loss,21.03843,9.04747,-1.34977,-2.4954,london,2022
XAUUSD,2022-09-15 12:00:00,2022-09-15 16:00:00,1687.37,1675.39265,1675.39265,1711.32471,0.8308,-119.8,-99.51,-99.91,1,stop_loss,23.89084,7.9849,-3.01034,-3.07489,london,2022
XAUUSD,2022-09-21 20:00:00,2022-09-23 12:00:00,1665.32,1652.96379,1652.96379,1690.03242,0.7972,-123.6,-98.5,-98.9,10,stop_loss,26.92571,8.23747,-2.22924,-4.47585,new_york,2022
XAUUSD,2022-09-23 12:00:00,2022-09-23 16:00:00,1661.66,1645.40581,1645.40581,1694.16839,0.5999,-162.5,-97.51,-97.91,1,stop_loss,22.30314,10.83613,-1.60714,-3.37992,london,2022
XAUUSD,2022-10-03 12:00:00,2022-10-03 16:00:00,1663.05,1691.98174,1648.58413,1691.98174,0.6673,289.3,193.06,192.66,1,take_profit,20.61203,9.64391,0.57993,-3.89581,london,2022
XAUUSD,2022-10-11 04:00:00,2022-10-12 20:00:00,1672.41,1673.12,1658.20212,1700.82575,0.693,7.1,4.92,4.52,10,time_exit,33.93988,9.47192,-1.67437,-0.91897,,2022
XAUUSD,2022-10-13 04:00:00,2022-10-13 12:00:00,1674.25,1660.18556,1660.18556,1702.37888,0.7004,-140.6,-98.51,-98.91,2,stop_loss,24.174,9.37629,-0.76261,-1.34155,,2022
XAUUSD,2022-10-14 08:00:00,2022-10-14 12:00:00,1667.62,1650.48627,1650.48627,1701.88747,0.5692,-171.3,-97.53,-97.93,1,stop_loss,25.81528,11.42249,-0.86726,-1.26816,london,2022
XAUUSD,2022-10-19 00:00:00,2022-10-19 12:00:00,1652.08,1636.90033,1636.90033,1682.43934,0.636,-151.8,-96.54,-96.94,3,stop_loss,17.28989,10.11978,-1.41834,-1.98594,,2022
XAUUSD,2022-10-20 04:00:00,2022-10-21 20:00:00,1628.47,1654.99452,1615.20774,1654.99452,0.7206,265.2,191.14,190.74,10,take_profit,21.86482,8.84151,-3.45813,-2.71203,,2022
XAUUSD,2022-10-24 12:00:00,2022-10-26 04:00:00,1647.82,1655.82,1631.87859,1679.70281,0.6115,80.0,48.92,48.52,10,time_exit,23.17553,10.6276,-0.26757,-2.49801,london,2022
XAUUSD,2022-11-03 16:00:00,2022-11-04 08:00:00,1618.32,1648.04268,1603.45866,1648.04268,0.6592,297.2,195.93,195.53,4,take_profit,18.41289,9.90756,-2.83179,-1.98599,new_york,2022
XAUUSD,2022-11-08 20:00:00,2022-11-10 12:00:00,1715.02,1733.15,1698.34214,1748.37572,0.5991,181.3,108.62,108.22,10,time_exit,35.4899,11.11857,5.07203,-0.67886,new_york,2022
XAUUSD,2022-11-17 16:00:00,2022-11-21 08:00:00,1756.59,1742.1481,1742.1481,1785.47381,0.6994,-144.4,-101.01,-101.41,10,stop_loss,45.29604,9.62794,1.59389,4.70121,new_york,2022
XAUUSD,2022-11-23 04:00:00,2022-11-23 12:00:00,1740.29,1729.29691,1729.29691,1762.27619,0.9095,-109.9,-99.98,-100.38,2,stop_loss,25.33212,7.32873,-0.55087,5.25582,,2022
XAUUSD,2022-11-25 16:00:00,2022-11-29 08:00:00,1748.4,1754.1,1738.03833,1769.12335,0.9553,57.0,54.45,54.05,10,time_exit,14.77019,6.90778,0.15583,5.10507,new_york,2022
XAUUSD,2022-12-01 20:00:00,2022-12-02 12:00:00,1801.59,1785.99606,1785.99606,1832.77788,0.6382,-155.9,-99.52,-99.92,4,stop_loss,25.84049,10.39596,4.29315,3.302,new_york,2022
XAUUSD,2022-12-02 12:00:00,2022-12-02 16:00:00,1801.86,1788.2431,1788.2431,1829.0938,0.7235,-136.2,-98.52,-98.92,1,stop_loss,33.33314,9.07793,4.24068,4.1475,london,2022
XAUUSD,2022-12-09 08:00:00,2022-12-12 16:00:00,1795.16,1783.25834,1783.25834,1818.96333,0.8195,-119.0,-97.53,-97.93,8,stop_loss,21.84803,7.93444,2.24089,4.6727,london,2022
XAUUSD,2022-12-13 20:00:00,2022-12-15 04:00:00,1808.35,1793.54077,1793.54077,1837.96847,0.652,-148.1,-96.56,-96.96,8,stop_loss,23.0023,9.87282,2.45665,3.7065,new_york,2022
XAUUSD,2022-12-16 16:00:00,2022-12-20 08:00:00,1785.5,1807.29,1771.82417,1812.85166,0.6989,217.9,152.29,151.89,10,time_exit,20.19999,9.11722,-0.20538,3.5952,new_york,2022
XAUUSD,2022-12-22 20:00:00,2022-12-27 12:00:00,1793.05,1806.55,1779.97715,1819.1957,0.7428,135.0,100.28,99.88,10,time_exit,27.29115,8.71523,-0.72965,3.87409,new_york,2022
XAUUSD,2022-12-28 16:00:00,2022-12-30 08:00:00,1803.78,1815.11,1791.37447,1828.59105,0.7908,113.3,89.6,89.2,10,time_exit,23.58292,8.27035,0.25732,3.64486,new_york,2022
XAUUSD,2023-01-06 08:00:00,2023-01-06 20:00:00,1837.17,1865.31915,1823.09542,1865.31915,0.7034,281.5,198.0,197.6,3,take_profit,33.88739,9.38305,1.03424,4.07163,london,2023
XAUUSD,2023-01-09 12:00:00,2023-01-11 04:00:00,1873.68,1882.29,1858.37013,1904.29973,0.6595,86.1,56.78,56.38,10,time_exit,33.34695,10.20658,3.64932,4.1297,london,2023
XAUUSD,2023-01-16 00:00:00,2023-01-17 16:00:00,1919.18,1907.2,1903.53113,1950.47773,0.6488,-119.8,-77.73,-78.13,10,time_exit,41.73625,10.43258,4.68063,5.31304,,2023
XAUUSD,2023-01-17 16:00:00,2023-01-18 04:00:00,1913.04,1899.80827,1899.80827,1939.50346,0.7615,-132.3,-100.76,-101.16,3,stop_loss,44.08745,8.82115,3.09862,6.81983,new_york,2023
XAUUSD,2023-01-30 20:00:00,2023-01-31 08:00:00,1924.27,1909.80814,1909.80814,1953.19372,0.6897,-144.6,-99.74,-100.14,3,stop_loss,22.53095,9.64124,0.02982,5.77935,new_york,2023
XAUUSD,2023-02-01 20:00:00,2023-02-02 00:00:00,1925.73,1952.85334,1912.16833,1952.85334,0.7281,271.2,197.49,197.09,1,take_profit,22.18793,9.04111,0.18879,5.46148,new_york,2023
XAUUSD,2023-02-02 20:00:00,2023-02-03 12:00:00,1912.26,1894.31505,1894.31505,1948.1499,0.5612,-179.4,-100.71,-101.11,4,stop_loss,22.07056,11.9633,-1.33947,4.14463,new_york,2023
XAUUSD,2023-02-06 08:00:00,2023-02-08 00:00:00,1878.03,1876.06,1859.80369,1914.48262,0.547,-19.7,-10.78,-11.18,10,time_exit,31.51347,12.15087,-3.17931,3.03652,london,2023
XAUUSD,2023-02-09 20:00:00,2023-02-13 12:00:00,1868.47,1856.96,1851.89639,1901.61723,0.6009,-115.1,-69.16,-69.56,10,time_exit,20.4868,11.04908,-2.2926,1.33725,new_york,2023
XAUUSD,2023-02-15 08:00:00,2023-02-15 16:00:00,1846.36,1830.8788,1830.8788,1877.3224,0.6388,-154.8,-98.89,-99.29,2,stop_loss,20.5956,10.3208,-2.62372,-0.16696,london,2023
XAUUSD,2023-02-17 12:00:00,2023-02-21 04:00:00,1825.73,1839.78,1811.11776,1854.95449,0.67,140.5,94.13,93.73,10,time_exit,33.27181,9.7415,-3.24149,-1.30582,london,2023
XAUUSD,2023-02-21 08:00:00,2023-02-22 20:00:00,1839.8,1828.41412,1828.41412,1862.57177,0.8681,-113.9,-98.84,-99.24,9,stop_loss,20.77038,7.59059,-1.56174,-2.04074,london,2023
XAUUSD,2023-02-24 08:00:00,2023-02-24 12:00:00,1824.63,1813.54749,1813.54749,1846.79503,0.8829,-110.8,-97.85,-98.25,1,stop_loss,10.84301,7.38834,-2.12396,-2.80799,london,2023
XAUUSD,2023-02-27 08:00:00,2023-02-28 16:00:00,1808.76,1830.26495,1798.00752,1830.26495,0.9008,215.0,193.72,193.32,8,take_profit,16.64789,7.16832,-3.59574,-3.31401,london,2023
XAUUSD,2023-03-02 04:00:00,2023-03-03 20:00:00,1833.2,1855.77054,1821.91473,1855.77054,0.8754,225.7,197.58,197.18,10,take_profit,18.46252,7.52351,0.4021,-3.03724,,2023
XAUUSD,2023-03-06 12:00:00,2023-03-07 12:00:00,1851.45,1841.22965,1841.22965,1871.8907,0.986,-102.2,-100.77,-101.17,6,stop_loss,24.45287,6.81357,2.25396,-2.28919,london,2023
XAUUSD,2023-03-16 00:00:00,2023-03-17 16:00:00,1918.74,1962.93852,1896.64074,1962.93852,0.4514,442.0,199.51,199.11,10,take_profit,41.18182,14.73284,3.21309,0.97255,,2023
XAUUSD,2023-03-23 12:00:00,2023-03-27 04:00:00,1976.53,1973.72,1955.5591,2018.47181,0.4852,-28.1,-13.63,-14.03,10,time_exit,31.66263,13.9806,3.05722,3.5779,london,2023
XAUUSD,2023-03-28 12:00:00,2023-03-30 04:00:00,1950.37,1960.84,1932.28417,1986.54165,0.5618,104.7,58.82,58.42,10,time_exit,23.6929,12.05722,-0.2309,4.52377,london,2023
XAUUSD,2023-04-03 00:00:00,2023-04-03 16:00:00,1961.31,1990.32845,1946.80077,1990.32845,0.7043,290.2,204.38,203.98,4,take_profit,13.73555,9.67282,0.56429,5.31875,,2023
XAUUSD,2023-04-05 08:00:00,2023-04-06 16:00:00,2023.32,2007.38337,2007.38337,2055.19326,0.654,-159.4,-104.23,-104.63,8,stop_loss,21.17501,10.62442,4.46487,5.03333,london,2023
XAUUSD,2023-04-12 04:00:00,2023-04-13 12:00:00,2005.45,2032.28573,1992.03213,2032.28573,0.769,268.4,206.37,205.97,8,take_profit,14.17195,8.94524,1.39436,5.98086,,2023
XAUUSD,2023-04-14 00:00:00,2023-04-14 12:00:00,2040.2,2023.06065,2023.06065,2074.47871,0.6141,-171.4,-105.25,-105.65,3,stop_loss,26.07402,11.42624,3.11819,4.90964,,2023
XAUUSD,2023-04-17 04:00:00,2023-04-17 16:00:00,2002.17,1983.07404,1983.07404,2040.36191,0.5456,-191.0,-104.19,-104.59,3,stop_loss,27.22219,12.73064,-0.48753,4.32356,,2023
XAUUSD,2023-04-18 20:00:00,2023-04-19 08:00:00,2007.23,1989.6545,1989.6545,2042.381,0.5869,-175.8,-103.15,-103.55,3,stop_loss,25.08567,11.717,0.11476,4.09764,new_york,2023
XAUUSD,2023-04-20 16:00:00,2023-04-21 08:00:00,2006.82,1990.13652,1990.13652,2040.18697,0.612,-166.8,-102.1,-102.5,4,stop_loss,27.57292,11.12232,0.39768,3.65074,new_york,2023
XAUUSD,2023-04-28 16:00:00,2023-05-02 08:00:00,1984.27,1981.37,1969.24676,2014.31647,0.6728,-29.0,-19.51,-19.91,10,time_exit,20.70112,10.01549,-0.88365,2.2535,new_york,2023
XAUUSD,2023-05-03 00:00:00,2023-05-04 00:00:00,2015.98,2050.12826,1998.90587,2050.12826,0.5908,341.5,201.75,201.35,6,take_profit,19.79317,11.38275,2.14642,1.66849,,2023
XAUUSD,2023-05-05 20:00:00,2023-05-09 12:00:00,2017.16,2027.04,1995.98112,2059.51776,0.4858,98.8,48.0,47.6,10,time_exit,33.3062,14.11925,0.32056,2.13436,new_york,2023
XAUUSD,2023-05-12 16:00:00,2023-05-16 08:00:00,2014.16,2010.13,1998.09386,2046.29228,0.6434,-40.3,-25.93,-26.33,10,time_exit,13.46452,10.71076,-0.59602,2.55661,new_york,2023
XAUUSD,2023-05-17 04:00:00,2023-05-17 16:00:00,1992.05,1977.42361,1977.42361,2021.30277,0.7049,-146.3,-103.1,-103.5,3,stop_loss,15.56087,9.75092,-2.35875,2.01461,,2023
XAUUSD,2023-05-17 16:00:00,2023-05-18 12:00:00,1984.94,1971.60691,1971.60691,2011.60617,0.7656,-133.3,-102.08,-102.48,5,stop_loss,20.27596,8.88872,-3.0329,1.8851,new_york,2023
XAUUSD,2023-05-24 08:00:00,2023-05-24 16:00:00,1977.67,1964.79235,1964.79235,2003.42529,0.7847,-128.8,-101.05,-101.45,2,stop_loss,22.95268,8.5851,-0.79167,-0.57127,london,2023
XAUUSD,2023-05-25 04:00:00,2023-05-25 12:00:00,1959.36,1945.16838,1945.16838,1987.74324,0.7049,-141.9,-100.04,-100.44,2,stop_loss,22.28654,9.46108,-2.29017,-0.75358,,2023
XAUUSD,2023-05-26 00:00:00,2023-05-29 16:00:00,1941.38,1943.55,1926.29188,1971.55624,0.6563,21.7,14.24,13.84,10,time_exit,26.36088,10.05875,-3.43914,-1.09611,,2023
XAUUSD,2023-06-09 12:00:00,2023-06-12 16:00:00,1962.16,1950.33149,1950.33149,1985.81701,0.8384,-118.3,-99.17,-99.57,7,stop_loss,15.93092,7.88567,0.36432,-1.68554,london,2023
XAUUSD,2023-06-13 08:00:00,2023-06-13 16:00:00,1960.86,1949.72087,1949.72087,1983.13826,0.8813,-111.4,-98.17,-98.57,2,stop_loss,11.75225,7.42609,0.1983,-1.59135,london,2023
XAUUSD,2023-06-14 00:00:00,2023-06-15 08:00:00,1943.22,1929.36354,1929.36354,1970.93293,0.7014,-138.6,-97.19,-97.59,8,stop_loss,13.33125,9.23764,-1.63052,-1.30476,,2023
XAUUSD,2023-06-15 16:00:00,2023-06-16 04:00:00,1933.49,1961.26822,1919.60089,1961.26822,0.6927,277.8,192.42,192.02,3,take_profit,18.55311,9.25941,-2.14141,-1.57954,new_york,2023
XAUUSD,2023-06-16 08:00:00,2023-06-20 00:00:00,1955.47,1951.07,1941.50036,1983.40928,0.7025,-44.0,-30.91,-31.31,10,time_exit,14.54632,9.31309,0.16138,-1.46182,london,2023
XAUUSD,2023-06-26 08:00:00,2023-06-27 16:00:00,1925.07,1913.64174,1913.64174,1947.92652,0.8559,-114.3,-97.81,-98.21,8,stop_loss,30.33799,7.61884,-1.59095,-2.73395,london,2023
XAUUSD,2023-06-29 12:00:00,2023-06-29 16:00:00,1906.24,1895.30347,1895.30347,1928.11307,0.8854,-109.4,-96.83,-97.23,1,stop_loss,26.22408,7.29102,-2.68093,-3.45286,london,2023
XAUUSD,2023-07-05 04:00:00,2023-07-05 20:00:00,1926.84,1917.63365,1917.63365,1945.2527,1.0413,-92.1,-95.87,-96.27,4,stop_loss,20.93232,6.13757,0.80859,-3.67697,,2023
XAUUSD,2023-07-05 20:00:00,2023-07-06 12:00:00,1921.63,1911.60251,1911.60251,1941.68497,0.9464,-100.3,-94.9,-95.3,4,stop_loss,17.31758,6.68499,-0.11324,-3.17779,new_york,2023
XAUUSD,2023-07-13 16:00:00,2023-07-17 08:00:00,1957.52,1955.83,1945.98897,1980.58206,0.8147,-16.9,-13.77,-14.17,10,time_exit,33.61575,7.68735,3.2984,-1.00073,new_york,2023
XAUUSD,2023-07-18 00:00:00,2023-07-18 16:00:00,1954.69,1976.16761,1943.95119,1976.16761,0.8735,214.8,187.61,187.21,4,take_profit,26.02715,7.1592,1.74779,0.05362,,2023
XAUUSD,2023-07-18 20:00:00,2023-07-20 12:00:00,1977.98,1973.98,1965.94325,2002.0535,0.7949,-40.0,-31.8,-32.2,10,time_exit,29.59856,8.0245,3.91335,0.4237,new_york,2023
XAUUSD,2023-07-20 12:00:00,2023-07-20 16:00:00,1981.58,1971.19707,1971.19707,2002.34586,0.9184,-103.8,-95.36,-95.76,1,stop_loss,40.00731,6.92195,3.52145,1.54265,london,2023
XAUUSD,2023-07-21 08:00:00,2023-07-21 16:00:00,1969.99,1959.46179,1959.46179,1991.04643,0.8966,-105.3,-94.4,-94.8,2,stop_loss,31.6026,7.01881,1.46436,1.70504,london,2023
XAUUSD,2023-07-28 00:00:00,2023-07-31 16:00:00,1946.59,1970.95,1933.32797,1973.11405,0.7046,243.6,171.64,171.24,10,time_exit,17.71645,8.84135,-1.88435,1.20611,,2023
XAUUSD,2023-07-31 16:00:00,2023-08-01 12:00:00,1965.49,1953.06155,1953.06155,1990.34689,0.7657,-124.3,-95.16,-95.56,5,stop_loss,13.08213,8.28563,0.64219,0.99365,new_york,2023
XAUUSD,2023-08-01 20:00:00,2023-08-03 12:00:00,1943.16,1930.83276,1930.83276,1967.81447,0.7642,-123.3,-94.2,-94.6,10,stop_loss,13.80117,8.21816,-1.9792,0.86585,new_york,2023
XAUUSD,2023-08-04 08:00:00,2023-08-08 00:00:00,1934.58,1935.8,1924.25641,1955.22717,0.9034,12.2,11.02,10.62,10,time_exit,17.01372,6.88239,-2.23316,-0.07438,london,2023
XAUUSD,2023-08-09 04:00:00,2023-08-09 16:00:00,1925.09,1915.7199,1915.7199,1943.83019,0.9964,-93.7,-93.36,-93.76,3,stop_loss,26.49567,6.24673,-2.69858,-0.95809,,2023
XAUUSD,2023-08-11 08:00:00,2023-08-14 16:00:00,1913.54,1903.63716,1903.63716,1933.34568,0.9334,-99.0,-92.43,-92.83,8,stop_loss,25.09213,6.60189,-2.90081,-1.78724,london,2023
XAUUSD,2023-08-21 00:00:00,2023-08-22 16:00:00,1889.08,1897.36,1879.89528,1907.44944,0.9962,82.8,82.49,82.09,10,time_exit,21.12144,6.12315,-2.94511,-4.01422,,2023
XAUUSD,2023-08-22 20:00:00,2023-08-23 16:00:00,1897.36,1917.44587,1887.31706,1917.44587,0.9193,200.9,184.65,184.25,5,take_profit,17.06511,6.69529,-0.83285,-3.75711,new_york,2023
XAUUSD,2023-08-24 00:00:00,2023-08-25 16:00:00,1915.14,1905.12513,1905.12513,1935.16974,0.9403,-100.1,-94.17,-94.57,10,stop_loss,19.03004,6.67658,1.72937,-3.4115,,2023
XAUUSD,2023-08-28 08:00:00,2023-08-29 16:00:00,1915.65,1933.64834,1906.65083,1933.64834,1.0359,180.0,186.44,186.04,8,take_profit,18.32382,5.99945,1.0974,-2.6997,london,2023
XAUUSD,2023-08-30 12:00:00,2023-09-01 04:00:00,1936.58,1939.97,1927.92444,1953.89112,1.0985,33.9,37.24,36.84,10,time_exit,21.36073,5.77037,3.48463,-1.54682,london,2023
XAUUSD,2023-09-07 12:00:00,2023-09-11 04:00:00,1918.88,1926.52,1911.42585,1933.7883,1.2805,76.4,97.83,97.43,10,time_exit,28.58243,4.96943,-1.88424,0.00308,london,2023
XAUUSD,2023-09-12 08:00:00,2023-09-12 12:00:00,1922.26,1914.71906,1914.71906,1937.34188,1.2787,-75.4,-96.43,-96.83,1,stop_loss,20.26489,5.02729,-0.64926,-0.36101,london,2023
XAUUSD,2023-09-12 12:00:00,2023-09-12 16:00:00,1919.72,1912.3127,1912.3127,1934.5346,1.2887,-74.1,-95.46,-95.86,1,stop_loss,19.68844,4.9382,-1.13119,-0.39832,london,2023
XAUUSD,2023-09-22 00:00:00,2023-09-25 16:00:00,1919.88,1916.72,1910.00855,1939.6229,0.9573,-31.6,-30.25,-30.65,10,time_exit,24.90577,6.58097,-0.70708,-0.13147,,2023
XAUUSD,2023-09-27 00:00:00,2023-09-27 12:00:00,1900.38,1892.19023,1892.19023,1916.75954,1.1501,-81.9,-94.19,-94.59,3,stop_loss,22.94937,5.45985,-3.69219,-0.64625,,2023
XAUUSD,2023-09-27 12:00:00,2023-09-27 16:00:00,1896.61,1888.64821,1888.64821,1912.53359,1.1711,-79.6,-93.24,-93.64,1,stop_loss,28.48724,5.30786,-4.06162,-0.99886,london,2023
XAUUSD,2023-09-28 12:00:00,2023-09-28 16:00:00,1874.17,1865.59233,1865.59233,1891.32534,1.0761,-85.8,-92.3,-92.7,1,stop_loss,44.44096,5.71845,-6.19177,-1.97027,london,2023
XAUUSD,2023-09-29 08:00:00,2023-09-29 16:00:00,1865.05,1855.4967,1855.4967,1884.15659,0.9565,-95.5,-91.38,-91.78,2,stop_loss,55.6986,6.36886,-5.75621,-2.5874,london,2023
XAUUSD,2023-09-29 16:00:00,2023-09-29 20:00:00,1873.92,1864.04259,1864.04259,1893.67482,0.9158,-98.8,-90.46,-90.86,1,stop_loss,55.38052,6.58494,-3.88556,-2.7037,new_york,2023
XAUUSD,2023-10-06 00:00:00,2023-10-09 00:00:00,1820.26,1842.67851,1809.05075,1842.67851,0.7989,224.2,179.1,178.7,6,take_profit,58.92768,7.47284,-4.25177,-5.99027,,2023
XAUUSD,2023-10-11 12:00:00,2023-10-13 04:00:00,1869.56,1876.31,1858.17517,1892.32966,0.8023,67.5,54.16,53.76,10,time_exit,30.76775,7.58989,2.37589,-4.75757,london,2023
XAUUSD,2023-10-20 00:00:00,2023-10-23 16:00:00,1974.09,1974.46,1958.8448,2004.5804,0.6027,3.7,2.23,1.83,10,time_exit,53.04887,10.16347,6.15168,1.38162,,2023
XAUUSD,2023-10-25 00:00:00,2023-10-26 16:00:00,1971.38,1984.22,1955.27457,2003.59086,0.5706,128.4,73.27,72.87,10,time_exit,44.27719,10.73695,2.5057,3.13311,,2023
XAUUSD,2023-10-27 16:00:00,2023-10-27 20:00:00,1980.2,2008.52749,1966.03625,2008.52749,0.654,283.3,185.26,184.86,1,take_profit,25.28152,9.4425,1.93335,4.35559,new_york,2023
XAUUSD,2023-11-01 12:00:00,2023-11-03 04:00:00,1982.46,1985.82,1968.59637,2010.18725,0.6815,33.6,22.9,22.5,10,time_exit,18.899,9.24242,0.61872,4.81759,london,2023
XAUUSD,2023-11-03 08:00:00,2023-11-07 00:00:00,1985.82,1975.78,1973.91284,2009.63431,0.7953,-100.4,-79.85,-80.25,10,time_exit,15.7054,7.9381,0.77173,5.29008,london,2023
XAUUSD,2023-11-07 08:00:00,2023-11-07 12:00:00,1973.72,1962.31892,1962.31892,1996.52216,0.8236,-114.0,-93.9,-94.3,1,stop_loss,13.59662,7.60072,-1.0575,5.08114,london,2023
XAUUSD,2023-11-07 16:00:00,2023-11-08 16:00:00,1966.6,1954.58445,1954.58445,1990.6311,0.7736,-120.2,-92.95,-93.35,6,stop_loss,17.17553,8.01037,-1.74813,4.61695,new_york,2023
XAUUSD,2023-11-08 16:00:00,2023-11-08 20:00:00,1964.85,1954.19158,1954.19158,1986.16684,0.8634,-106.6,-92.02,-92.42,1,stop_loss,25.60274,7.10561,-1.78357,4.58841,new_york,2023
XAUUSD,2023-11-08 20:00:00,2023-11-10 12:00:00,1953.82,1946.16,1942.27182,1976.91635,0.7888,-76.6,-60.42,-60.82,10,time_exit,27.84632,7.69878,-2.96684,4.10238,new_york,2023
XAUUSD,2023-11-13 16:00:00,2023-11-14 12:00:00,1936.03,1957.49615,1925.29693,1957.49615,0.8431,214.7,180.98,180.58,5,take_profit,37.64486,7.15538,-3.62231,2.30666,new_york,2023
XAUUSD,2023-11-15 12:00:00,2023-11-15 16:00:00,1971.49,1960.96547,1960.96547,1992.53906,0.8769,-105.2,-92.29,-92.69,1,stop_loss,30.48758,7.01635,1.63614,1.92877,london,2023
XAUUSD,2023-11-20 16:00:00,2023-11-21 04:00:00,1968.24,1991.60881,1956.55559,1991.60881,0.7819,233.7,182.72,182.32,3,take_profit,29.91662,7.7896,-0.0537,2.20629,new_york,2023
XAUUSD,2023-11-22 08:00:00,2023-11-22 20:00:00,1998.88,1986.95991,1986.95991,2022.72019,0.7818,-119.2,-93.19,-93.59,3,stop_loss,26.2956,7.94673,2.83218,2.65155,london,2023
XAUUSD,2023-11-24 16:00:00,2023-11-27 00:00:00,1999.75,2017.97919,1990.63541,2017.97919,1.0122,182.3,184.52,184.12,2,take_profit,21.33481,6.0764,2.53553,3.91458,new_york,2023
XAUUSD,2023-11-28 20:00:00,2023-11-30 12:00:00,2040.85,2036.84,2029.36679,2063.81643,0.8194,-40.1,-32.86,-33.26,10,time_exit,38.1995,7.65548,5.73664,3.89333,new_york,2023
XAUUSD,2023-12-01 00:00:00,2023-12-01 16:00:00,2036.88,2059.5728,2025.5336,2059.5728,0.8264,226.9,187.53,187.13,4,take_profit,41.89113,7.56427,2.82094,5.11124,,2023
XAUUSD,2023-12-04 12:00:00,2023-12-04 16:00:00,2071.07,2048.63979,2048.63979,2115.93042,0.4264,-224.3,-95.64,-96.04,1,stop_loss,45.58031,14.95347,2.79224,3.06532,london,2023
XAUUSD,2023-12-12 00:00:00,2023-12-13 16:00:00,1982.1,1982.21,1966.18473,2013.93053,0.5949,1.1,0.65,0.25,10,time_exit,26.40136,10.61018,-3.50347,2.39677,,2023
XAUUSD,2024-01-03 04:00:00,2024-01-03 12:00:00,2062.56,2049.57381,2049.57381,2088.53239,0.729,-129.9,-94.67,-95.07,2,stop_loss,19.60682,8.65746,0.47788,3.95974,,2024
XAUUSD,2024-01-04 08:00:00,2024-01-05 12:00:00,2043.84,2030.03865,2030.03865,2071.44269,0.6791,-138.0,-93.72,-94.12,7,stop_loss,25.65994,9.2009,-1.24553,3.22581,london,2024
XAUUSD,2024-01-11 04:00:00,2024-01-11 16:00:00,2029.76,2016.32817,2016.32817,2056.62365,0.6908,-134.3,-92.79,-93.19,3,stop_loss,14.70795,8.95455,-1.14653,1.36557,,2024
XAUUSD,2024-01-15 16:00:00,2024-01-16 08:00:00,2054.3,2040.30035,2040.30035,2082.2993,0.6561,-140.0,-91.85,-92.25,4,stop_loss,24.04948,9.3331,1.40809,1.227,new_york,2024
XAUUSD,2024-01-17 12:00:00,2024-01-17 16:00:00,2023.69,2009.90708,2009.90708,2051.25584,0.6597,-137.8,-90.93,-91.33,1,stop_loss,23.24676,9.18861,-1.68895,0.97613,london,2024
XAUUSD,2024-01-22 00:00:00,2024-01-23 16:00:00,2029.48,2024.28,2016.80692,2054.82617,0.7103,-52.0,-36.94,-37.34,10,time_exit,19.14617,8.44872,-0.17238,0.22188,,2024
XAUUSD,2024-01-24 16:00:00,2024-01-24 20:00:00,2034.04,2022.65257,2022.65257,2056.81486,0.7872,-113.9,-89.64,-90.04,1,stop_loss,16.18566,7.59162,0.69548,0.03218,new_york,2024
XAUUSD,2024-01-26 08:00:00,2024-01-30 00:00:00,2023.14,2031.15,2011.48089,2046.45822,0.7611,80.1,60.96,60.56,10,time_exit,11.58389,7.77274,-0.28768,-0.27818,london,2024
XAUUSD,2024-02-01 12:00:00,2024-02-02 16:00:00,2041.05,2028.3412,2028.3412,2066.4676,0.703,-127.1,-89.34,-89.74,7,stop_loss,34.77797,8.47253,1.1205,0.32032,london,2024
XAUUSD,2024-02-05 12:00:00,2024-02-07 04:00:00,2022.72,2033.4,2008.21537,2051.72926,0.6098,106.8,65.13,64.73,10,time_exit,24.78683,9.66975,-1.30359,0.50759,london,2024
XAUUSD,2024-02-15 00:00:00,2024-02-16 16:00:00,1992.15,2013.36,1980.85351,2014.74298,0.7887,212.1,167.28,166.88,10,time_exit,43.31937,7.53099,-3.48337,-1.10036,,2024
XAUUSD,2024-02-21 04:00:00,2024-02-22 20:00:00,2025.42,2024.27,2016.68216,2042.89568,1.0388,-11.5,-11.95,-12.35,10,time_exit,18.90656,5.82523,1.52442,-1.22854,,2024
XAUUSD,2024-02-23 00:00:00,2024-02-26 16:00:00,2024.27,2028.73,2015.27333,2042.26334,1.0075,44.6,44.93,44.53,10,time_exit,14.37099,5.99778,0.67914,-0.63992,,2024
XAUUSD,2024-02-27 04:00:00,2024-02-28 20:00:00,2033.68,2034.37,2024.39139,2052.25723,0.9806,6.9,6.77,6.37,10,time_exit,11.57178,6.19241,1.50677,-0.07485,,2024
XAUUSD,2024-02-29 08:00:00,2024-03-01 12:00:00,2035.67,2052.85189,2027.07905,2052.85189,1.061,171.8,182.3,181.9,7,take_profit,8.01054,5.7273,1.33716,0.38327,london,2024
XAUUSD,2024-03-06 08:00:00,2024-03-07 04:00:00,2125.39,2154.01853,2111.07574,2154.01853,0.6495,286.3,185.94,185.54,5,take_profit,56.20682,9.54284,5.80883,3.20009,london,2024
XAUUSD,2024-03-12 08:00:00,2024-03-12 12:00:00,2178.26,2162.41966,2162.41966,2209.94068,0.5986,-158.4,-94.82,-95.22,1,stop_loss,71.02163,10.56023,4.47465,6.11713,london,2024
XAUUSD,2024-03-12 12:00:00,2024-03-12 16:00:00,2177.86,2162.56611,2162.56611,2208.44777,0.6138,-152.9,-93.87,-94.27,1,stop_loss,69.84596,10.19592,4.41415,6.40711,london,2024
XAUUSD,2024-03-12 20:00:00,2024-03-14 12:00:00,2165.84,2162.82,2148.73295,2200.0541,0.5432,-30.2,-16.4,-16.8,10,time_exit,62.19068,11.4047,2.65754,5.78954,new_york,2024
XAUUSD,2024-03-18 08:00:00,2024-03-20 00:00:00,2147.4,2157.2,2134.39303,2173.41394,0.7132,98.0,69.89,69.49,10,time_exit,24.07074,8.67131,-0.39324,7.33524,london,2024
XAUUSD,2024-03-20 12:00:00,2024-03-20 20:00:00,2156.19,2177.6504,2145.4598,2177.6504,0.871,214.6,186.92,186.52,2,take_profit,22.17196,7.15347,0.38347,8.06427,london,2024
XAUUSD,2024-03-26 00:00:00,2024-03-27 16:00:00,2171.62,2192.52,2154.39457,2206.07086,0.5534,209.0,115.66,115.26,10,time_exit,16.12676,11.48362,0.47551,4.80097,,2024
XAUUSD,2024-03-28 16:00:00,2024-04-01 00:00:00,2215.71,2250.19138,2198.46931,2250.19138,0.5596,344.8,192.96,192.56,2,take_profit,25.7721,11.49379,3.43483,4.70036,new_york,2024
XAUUSD,2024-04-04 20:00:00,2024-04-05 16:00:00,2286.86,2327.43772,2266.57114,2327.43772,0.485,405.8,196.8,196.4,5,take_profit,40.85028,13.52591,3.61939,6.14152,new_york,2024
XAUUSD,2024-04-10 12:00:00,2024-04-10 16:00:00,2354.58,2331.30769,2331.30769,2401.12461,0.4313,-232.7,-100.37,-100.77,1,stop_loss,34.2986,15.51487,3.90266,6.7463,london,2024
XAUUSD,2024-04-11 08:00:00,2024-04-12 04:00:00,2343.08,2392.30907,2318.46546,2392.30907,0.4037,492.3,198.74,198.34,5,take_profit,25.37734,16.40969,2.50376,6.41909,london,2024
XAUUSD,2024-04-15 12:00:00,2024-04-17 04:00:00,2351.71,2382.0,2319.48196,2416.16608,0.3145,302.9,95.26,94.86,10,time_exit,26.57661,21.48536,1.1536,5.11943,london,2024
XAUUSD,2024-04-18 16:00:00,2024-04-22 08:00:00,2385.53,2358.69486,2358.69486,2439.20028,0.3812,-268.4,-102.3,-102.7,10,stop_loss,14.83534,17.89009,1.74949,6.11744,new_york,2024
XAUUSD,2024-04-24 20:00:00,2024-04-26 12:00:00,2325.16,2344.86,2299.60858,2376.26285,0.3963,197.0,78.07,77.67,10,time_exit,21.05424,17.03428,-1.22384,4.61905,new_york,2024
XAUUSD,2024-04-29 20:00:00,2024-04-30 08:00:00,2342.93,2320.43255,2320.43255,2387.92489,0.4536,-225.0,-102.05,-102.45,3,stop_loss,11.79988,14.9983,0.22445,4.09435,new_york,2024
XAUUSD,2024-05-09 20:00:00,2024-05-10 08:00:00,2329.81,2369.26758,2310.08121,2369.26758,0.512,394.6,202.02,201.62,3,take_profit,13.32407,13.15253,0.97837,1.99356,new_york,2024
XAUUSD,2024-05-14 12:00:00,2024-05-15 12:00:00,2343.83,2377.77509,2326.85745,2377.77509,0.607,339.5,206.05,205.65,6,take_profit,22.29563,11.31503,1.00141,2.90746,london,2024
XAUUSD,2024-05-27 04:00:00,2024-05-28 20:00:00,2336.24,2361.13,2317.04342,2374.63317,0.5474,248.9,136.25,135.85,10,time_exit,38.9206,12.79772,-2.70264,2.92373,,2024
XAUUSD,2024-06-05 16:00:00,2024-06-06 16:00:00,2342.23,2378.25159,2324.2192,2378.25159,0.591,360.2,212.89,212.49,6,take_profit,19.77536,12.0072,-0.19836,0.6922,new_york,2024
XAUUSD,2024-06-07 12:00:00,2024-06-07 16:00:00,2347.34,2325.39897,2325.39897,2391.22205,0.4948,-219.4,-108.56,-108.96,1,stop_loss,22.94212,14.62735,-0.32518,0.87396,london,2024
XAUUSD,2024-06-10 00:00:00,2024-06-11 16:00:00,2294.62,2308.61,2268.63691,2346.58618,0.4137,139.9,57.88,57.48,10,time_exit,24.03517,17.32206,-3.10055,0.50216,,2024
XAUUSD,2024-06-18 12:00:00,2024-06-20 04:00:00,2311.38,2340.46,2294.45492,2345.23016,0.6384,290.8,185.65,185.25,10,time_exit,13.20323,11.28339,-1.08928,-0.6619,london,2024
XAUUSD,2024-06-26 04:00:00,2024-06-26 16:00:00,2318.48,2304.08423,2304.08423,2347.27153,0.7635,-144.0,-109.91,-110.31,3,stop_loss,13.8875,9.59718,-1.21142,-0.17588,,2024
XAUUSD,2024-06-27 08:00:00,2024-06-27 16:00:00,2300.53,2328.46668,2286.56166,2328.46668,0.7789,279.4,217.6,217.2,2,take_profit,20.31917,9.31223,-2.52319,-0.64404,london,2024
XAUUSD,2024-06-28 04:00:00,2024-07-01 20:00:00,2321.66,2331.72,2307.1031,2350.77381,0.7624,100.6,76.7,76.3,10,time_exit,18.83486,9.7046,-0.19252,-0.62444,,2024
XAUUSD,2024-07-02 00:00:00,2024-07-03 16:00:00,2331.45,2361.38364,2316.48318,2361.38364,0.7466,299.3,223.48,223.08,10,take_profit,19.08884,9.97788,0.67284,-0.43881,,2024
XAUUSD,2024-07-08 16:00:00,2024-07-08 20:00:00,2372.82,2357.79817,2357.79817,2402.86365,0.7587,-150.2,-113.97,-114.37,1,stop_loss,24.54584,10.01455,2.34681,1.32156,new_york,2024
XAUUSD,2024-07-09 16:00:00,2024-07-11 08:00:00,2360.17,2381.43,2344.80481,2390.90039,0.7343,212.6,156.11,155.71,10,time_exit,20.76059,10.24346,0.80887,1.40279,new_york,2024
XAUUSD,2024-07-11 16:00:00,2024-07-15 08:00:00,2406.29,2412.07,2389.99104,2438.88792,0.7018,57.8,40.56,40.16,10,time_exit,19.41136,10.86597,4.15537,1.78366,new_york,2024
XAUUSD,2024-07-15 12:00:00,2024-07-16 16:00:00,2412.04,2446.3495,2394.88525,2446.3495,0.6691,343.1,229.56,229.16,7,take_profit,25.96776,11.4365,2.92173,2.59786,london,2024
XAUUSD,2024-07-16 16:00:00,2024-07-16 20:00:00,2432.6,2468.40592,2414.69704,2468.40592,0.654,358.1,234.17,233.77,1,take_profit,32.50029,11.93531,3.53043,3.04066,new_york,2024
XAUUSD,2024-08-07 04:00:00,2024-08-08 20:00:00,2386.6,2427.18,2354.91608,2449.96783,0.3769,405.8,152.95,152.55,10,time_exit,32.70417,21.12261,-1.28601,1.08672,,2024
XAUUSD,2024-08-09 08:00:00,2024-08-12 20:00:00,2423.93,2471.72607,2400.03196,2471.72607,0.5061,478.0,241.9,241.5,9,take_profit,23.92122,15.93202,0.85187,1.12958,london,2024
XAUUSD,2024-08-13 00:00:00,2024-08-14 16:00:00,2470.53,2449.72119,2449.72119,2512.14762,0.5928,-208.1,-123.35,-123.75,10,stop_loss,23.47482,13.87254,3.6965,1.71464,,2024
XAUUSD,2024-08-16 00:00:00,2024-08-16 20:00:00,2456.42,2500.25016,2434.50492,2500.25016,0.5572,438.3,244.22,243.82,5,take_profit,20.45631,14.61005,1.10941,2.24541,,2024
XAUUSD,2024-08-19 04:00:00,2024-08-20 20:00:00,2502.07,2514.01,2479.39457,2547.42086,0.5493,119.4,65.59,65.19,10,time_exit,24.94956,15.11695,3.40899,2.53166,,2024
XAUUSD,2024-08-21 12:00:00,2024-08-22 16:00:00,2507.36,2487.02669,2487.02669,2548.02662,0.6158,-203.3,-125.21,-125.61,7,stop_loss,22.68037,13.55554,2.33464,3.75126,london,2024
XAUUSD,2024-08-23 12:00:00,2024-08-27 04:00:00,2499.03,2507.36,2480.26457,2536.56087,0.6605,83.3,55.02,54.62,10,time_exit,21.01844,12.51029,1.14874,4.10083,london,2024
XAUUSD,2024-08-30 16:00:00,2024-08-30 20:00:00,2519.72,2502.83697,2502.83697,2553.48606,0.7374,-168.8,-124.5,-124.9,1,stop_loss,12.77042,11.25535,1.22,4.54055,new_york,2024
XAUUSD,2024-09-02 00:00:00,2024-09-03 12:00:00,2503.75,2485.74683,2485.74683,2539.75635,0.6846,-180.0,-123.25,-123.65,9,stop_loss,15.35278,12.00212,-0.18923,4.14798,,2024
XAUUSD,2024-09-04 12:00:00,2024-09-05 08:00:00,2473.32,2507.96565,2455.99718,2507.96565,0.7044,346.5,244.04,243.64,5,take_profit,32.22527,11.54855,-2.37298,3.40845,london,2024
XAUUSD,2024-09-06 08:00:00,2024-09-06 16:00:00,2518.45,2502.39324,2502.39324,2550.56353,0.7751,-160.6,-124.46,-124.86,2,stop_loss,23.31742,10.70451,1.45001,3.44971,london,2024
XAUUSD,2024-09-11 16:00:00,2024-09-12 16:00:00,2508.22,2540.84326,2491.90837,2540.84326,0.7553,326.2,246.4,246.0,6,take_profit,19.08928,10.87442,0.19783,2.98627,new_york,2024
XAUUSD,2024-09-17 04:00:00,2024-09-17 16:00:00,2580.31,2565.13165,2565.13165,2610.66671,0.8279,-151.8,-125.66,-126.06,3,stop_loss,42.31451,10.1189,4.04539,4.87947,,2024
XAUUSD,2024-09-17 16:00:00,2024-09-17 20:00:00,2577.79,2561.9364,2561.9364,2609.4972,0.7847,-158.5,-124.4,-124.8,1,stop_loss,40.6591,10.56907,3.21792,4.84142,new_york,2024
XAUUSD,2024-09-18 00:00:00,2024-09-18 20:00:00,2569.42,2552.51223,2552.51223,2603.23554,0.7284,-169.1,-123.16,-123.56,5,stop_loss,36.18862,11.27185,2.12324,4.56422,,2024
XAUUSD,2024-09-20 20:00:00,2024-09-24 12:00:00,2624.93,2633.19,2602.92236,2668.94528,0.554,82.6,45.76,45.36,10,time_exit,50.64363,14.67176,4.03415,3.92587,new_york,2024
XAUUSD,2024-09-25 00:00:00,2024-09-26 16:00:00,2657.25,2668.22,2636.96948,2697.81104,0.6034,109.7,66.19,65.79,10,time_exit,65.46406,13.52035,4.73917,5.15574,,2024
XAUUSD,2024-09-26 16:00:00,2024-09-27 12:00:00,2677.27,2659.08003,2659.08003,2713.64993,0.6764,-181.9,-123.04,-123.44,5,stop_loss,71.41244,12.12664,5.087,6.53578,new_york,2024
XAUUSD,2024-10-01 04:00:00,2024-10-02 20:00:00,2636.53,2658.67,2616.72639,2676.13723,0.615,221.4,136.16,135.76,10,time_exit,40.46737,13.20241,0.26429,6.06415,,2024
XAUUSD,2024-10-03 00:00:00,2024-10-03 16:00:00,2658.33,2638.7088,2638.7088,2697.57239,0.6276,-196.2,-123.14,-123.54,4,stop_loss,24.76349,13.0808,1.3925,5.88405,,2024
XAUUSD,2024-10-07 20:00:00,2024-10-08 16:00:00,2646.86,2625.80428,2625.80428,2688.97145,0.579,-210.6,-121.91,-122.31,5,stop_loss,13.0281,14.03715,0.0982,4.8659,new_york,2024
XAUUSD,2024-10-10 08:00:00,2024-10-11 16:00:00,2613.95,2652.56576,2594.64212,2652.56576,0.6251,386.2,241.39,240.99,8,take_profit,30.30625,12.87192,-1.61688,3.97541,london,2024
XAUUSD,2024-10-16 20:00:00,2024-10-18 04:00:00,2674.22,2711.30367,2655.67817,2711.30367,0.6639,370.8,246.2,245.8,8,take_profit,18.06747,12.36122,2.12205,3.90642,new_york,2024
XAUUSD,2024-10-18 20:00:00,2024-10-22 12:00:00,2717.7,2736.28,2700.18236,2752.73528,0.7168,185.8,133.18,132.78,10,time_exit,30.76593,11.67843,4.43859,4.75713,new_york,2024
XAUUSD,2024-10-22 16:00:00,2024-10-23 16:00:00,2736.28,2719.33401,2719.33401,2770.17198,0.7488,-169.5,-126.89,-127.29,6,stop_loss,41.67492,11.29733,4.23523,5.82249,new_york,2024
XAUUSD,2024-10-24 04:00:00,2024-10-25 20:00:00,2721.28,2747.39,2703.21036,2757.41928,0.6952,261.1,181.52,181.12,10,time_exit,37.35326,12.04643,1.50019,5.86158,,2024
XAUUSD,2024-11-07 08:00:00,2024-11-11 00:00:00,2659.19,2672.99,2632.73291,2712.10419,0.4816,138.0,66.46,66.06,10,time_exit,44.06554,17.63806,-3.87196,2.62739,london,2024
XAUUSD,2024-11-12 12:00:00,2024-11-14 00:00:00,2593.36,2567.34089,2567.34089,2645.39821,0.4923,-260.2,-128.09,-128.49,9,stop_loss,42.06819,17.34607,-5.56423,0.69116,london,2024
XAUUSD,2024-11-14 16:00:00,2024-11-18 08:00:00,2557.18,2595.74,2530.51493,2610.51014,0.4755,385.6,183.35,182.95,10,time_exit,48.31636,17.77671,-5.02821,-1.12693,new_york,2024
XAUUSD,2024-11-22 12:00:00,2024-11-25 04:00:00,2703.39,2683.03111,2683.03111,2744.10777,0.6318,-203.6,-128.63,-129.03,4,stop_loss,34.39761,13.57259,4.69093,-1.09534,london,2024
XAUUSD,2024-11-26 04:00:00,2024-11-27 20:00:00,2628.2,2635.95,2597.89746,2688.80508,0.4202,77.5,32.57,32.17,10,time_exit,30.7094,20.20169,-1.03483,-0.34724,,2024
XAUUSD,2024-11-28 20:00:00,2024-12-02 12:00:00,2640.91,2647.03,2617.88534,2686.95932,0.5545,61.2,33.94,33.54,10,time_exit,18.48101,15.34977,-0.17661,-0.62715,new_york,2024
XAUUSD,2024-12-03 16:00:00,2024-12-05 08:00:00,2652.9,2644.86,2631.77142,2695.15716,0.6058,-80.4,-48.71,-49.11,10,time_exit,11.6445,14.08572,0.62138,-0.55743,new_york,2024
XAUUSD,2024-12-09 16:00:00,2024-12-11 08:00:00,2665.58,2695.8,2643.62927,2709.48145,0.5809,302.2,175.55,175.15,10,time_exit,13.37704,14.63382,1.50982,-0.45529,new_york,2024
XAUUSD,2024-12-16 16:00:00,2024-12-17 08:00:00,2662.09,2643.04663,2643.04663,2700.17674,0.6788,-190.4,-129.27,-129.67,4,stop_loss,24.64008,12.69558,-0.50949,0.80209,new_york,2024
XAUUSD,2024-12-17 12:00:00,2024-12-18 20:00:00,2639.84,2621.48431,2621.48431,2676.55139,0.6971,-183.6,-127.96,-128.36,8,stop_loss,27.13419,12.23713,-2.07413,0.60358,london,2024
XAUUSD,2024-12-20 08:00:00,2024-12-24 00:00:00,2600.44,2617.58,2577.75573,2645.80854,0.5584,171.4,95.71,95.31,10,time_exit,46.63059,15.12285,-2.74287,-0.67065,london,2024
XAUUSD,2024-12-24 08:00:00,2024-12-27 00:00:00,2619.34,2632.28,2601.55302,2654.91395,0.7176,129.4,92.86,92.46,10,time_exit,28.75953,11.85798,-1.13746,-1.29736,london,2024
XAUUSD,2024-12-27 04:00:00,2024-12-27 16:00:00,2632.28,2617.52596,2617.52596,2661.78809,0.8713,-147.5,-128.55,-128.95,3,stop_loss,18.03273,9.83603,0.24688,-1.60818,,2024
XAUUSD,2024-12-30 12:00:00,2024-12-30 16:00:00,2612.73,2597.676,2597.676,2642.83801,0.8454,-150.5,-127.27,-127.67,1,stop_loss,15.04414,10.036,-1.46958,-1.62444,london,2024
